"","focgene","gid","subtype","label","hzoon"
"1","PA","A/Hong_Kong/156/97A","H5N1","Zoonotic",0.912
"2","PA","EPI_ISL_1189","H5N1","Zoonotic",0.336
"3","PA","EPI_ISL_2553","H6N1","Avian",0.264
"4","PA","A/quail/Shantou/1242/2001E","H9N2","Avian",0.254
"5","PA","A/chicken/Heilongjiang/35/00D","H9N2","Avian",0.2
"6","PA","A/Hong_Kong/1074/1999G","H9N2","Zoonotic",0.196
"7","PA","EPI_ISL_140","H9N2","Zoonotic",0.196
"8","PA","A/red_knot/Delaware_Bay/393/2013M","H11N7","Avian",0.189733333333333
"9","PA","A/Hong_Kong/1074/1999A","H9N2","Zoonotic",0.176
"10","PA","EPI_ISL_33862","H9N2","Avian",0.1738
"11","PA","A/Guinea_Fowl/Hong_Kong/WF10/1999M","H9N2","Avian",0.172
"12","PA","A/American_black_duck/Alberta/96/2016M","H3N6","Avian",0.17
"13","PA","EPI_ISL_67380","H5N1","Avian",0.168
"14","PA","EPI_ISL_98887","H1N1","Avian",0.163692307692308
"15","PA","A/mallard/Ohio/14OS3379/2014C","H5N2","Avian",0.158
"16","PA","A/mallard/Korea/GG3/2007K","H7N7","Avian",0.154
"17","PA","A/American_Green-Winged_Teal/Alaska/19TL00078/2019M","H4N6","Avian",0.1516
"18","PA","A/turkey/Minnesota/42782-1/2013K","H6N8","Avian",0.149433333333333
"19","PA","EPI_ISL_68541","H4N9","Avian",0.148
"20","PA","A/Canada_goose/Wisconsin/902/1975G","H5N2","Avian",0.148
"21","PA","EPI_ISL_10394","H5N1","Avian",0.146
"22","PA","A/wild_waterfowl/Dongting/C4296/2012K","H9N2","Avian",0.146
"23","PA","A/duck/Taiwan/DC167/2010K","H1N3","Avian",0.143292307692308
"24","PA","A/blue-winged_teal/ALB/221/1978C","H7N2","Avian",0.141882352941176
"25","PA","A/blue-winged_teal/ALB/452/1983C","H3N1","Avian",0.1416
"26","PA","A/black_duck/Ohio/95/1993C","H1N1","Avian",0.1416
"27","PA","EPI_ISL_112494","H6N6","Avian",0.141579487179487
"28","PA","A/northern_shoveler/Ohio/454/1987C","H3N8","Avian",0.14
"29","PA","EPI_ISL_142346","H9N1","Avian",0.14
"30","PA","EPI_ISL_85084","H3N8","Avian",0.14
"31","PA","A/mallard/Wisconsin/2086/1984C","H8N4","Avian",0.138
"32","PA","EPI_ISL_22493","H5N2","Avian",0.136
"33","PA","A/mallard/Ontario/13OS4098/2013K","H10N3","Avian",0.135714285714286
"34","PA","A/mallard/Alberta/72/1994C","H3N6","Avian",0.1332
"35","PA","EPI_ISL_134538","H6N2","Avian",0.132
"36","PA","A/mallard/Wisconsin/223/1979C","H7N3","Avian",0.132
"37","PA","A/mallard/New_Brunswick/02294/2007C","H4N6","Avian",0.132
"38","PA","EPI_ISL_154567","H9N2","Avian",0.13
"39","PA","A/mallard/Ohio/14OS3394/2014C","H5N2","Avian",0.129714285714286
"40","PA","A/American_black_duck/Maine/44411/532/2008K","H3N8","Avian",0.129692307692308
"41","PA","A/mallard/Saskatchewan/117/1982C","H4N6","Avian",0.128
"42","PA","EPI_ISL_179039","H4N6","Avian",0.128
"43","PA","EPI_ISL_99406","H3N8","Avian",0.128
"44","PA","EPI_ISL_22568","H7N2","Avian",0.1276
"45","PA","A/common_teal/Nanji/NJ-262/2013K","H6N2","Avian",0.126
"46","PA","A/Anseriformes/Anhui/L6/2014K","H1N2","Avian",0.126
"47","PA","EPI_ISL_84641","H3N8","Avian",0.126
"48","PA","A/Bucefala_clangula/Buryatia/652/1988M","H3N2","Avian",0.124
"49","PA","A/mallard/Ohio/14OS3372/2014C","H5N2","Avian",0.124
"50","PA","A/thick-billed_murre/Greenland/911-3/2014K","H11N2","Avian",0.124
"51","PA","EPI_ISL_99407","H3N6","Avian",0.124
"52","PA","EPI_ISL_173921","H9N2","Avian",0.1236
"53","PA","EPI_ISL_167105","H3N2","Avian",0.123460317460317
"54","PA","EPI_ISL_119136","H2N7","Avian",0.122
"55","PA","A/common_teal/Korea/MHC5-8/2009K","H7N7","Avian",0.122
"56","PA","A/American_green-winged_teal/Alaska/103773/2008K","H3N8","Avian",0.122
"57","PA","A/New_York/107/2003E","H7N2","Zoonotic",0.122
"58","PA","A/blue-winged_teal/Alberta/405/2008C","H10N7","Avian",0.1216
"59","PA","EPI_ISL_156551","H11N3","Avian",0.121314285714286
"60","PA","A/chicken/Florida/25717/1993E","H5N2","Avian",0.12
"61","PA","A/American_wigeon/California/2423/2010C","H6N1","Avian",0.12
"62","PA","A/blue-winged_teal/Texas/AI13-3557/2013C","H4N6","Avian",0.12
"63","PA","A/ruddy_turnstone/Delaware/778/2006G","H7N3","Avian",0.12
"64","PA","EPI_ISL_70634","H6N6","Avian",0.12
"65","PA","A/duck/Viet_Nam/QN-0466/2013M","H6N6","Avian",0.12
"66","PA","A/wild_bird/Anhui_Caizi_Lake/L306/2014M","H11N9","Avian",0.119692307692308
"67","PA","EPI_ISL_68663","H5N1","Avian",0.1196
"68","PA","EPI_ISL_112615","H6N6","Avian",0.118266666666667
"69","PA","EPI_ISL_30797","H6N8","Avian",0.118
"70","PA","EPI_ISL_8841","H4N6","Avian",0.118
"71","PA","EPI_ISL_23347","H9N2","Avian",0.118
"72","PA","EPI_ISL_22511","H7N2","Avian",0.118
"73","PA","A/mallard/Wisconsin/2080/1984C","H8N4","Avian",0.118
"74","PA","A/green-winged_teal/Ohio/14OS3380/2014C","H5N2","Avian",0.118
"75","PA","A/black-headed_gull/Netherlands/17/2009K","H13N3","Avian",0.1176
"76","PA","A/mallard_duck/ALB/40/1984C","H10N6","Avian",0.116
"77","PA","A/ruddy_turnstone/New_Jersey/1321412/2005M","H11N8","Avian",0.116
"78","PA","A/chicken/PA/13552-1/1998E","H7N2","Avian",0.116
"79","PA","A/northern_pintail/Alberta/743/1979M","H1N1","Avian",0.116
"80","PA","A/American_black_duck/New_Brunswick/02396/2007C","H4N6","Avian",0.115666666666667
"81","PA","A/chicken/NY/13237-6/98E","H6N8","Avian",0.1156
"82","PA","A/duck/LA/32M/1987G","H6N2","Avian",0.1156
"83","PA","A/mallard/Shantou/198/2005H","H6N2","Avian",0.114
"84","PA","A/American_black_duck/Maine/ME-Y17-326/2017M","H9N2","Avian",0.114
"85","PA","A/blue-winged_teal/Guatemala/CIP049H112-60/2012K","H3N8","Avian",0.114
"86","PA","EPI_ISL_76397","H6N2","Avian",0.114
"87","PA","A/red_knot/Delaware/546/1988C","H4N6","Avian",0.1136
"88","PA","A/mallard/Wisconsin/1873/1983C","H12N5","Avian",0.1136
"89","PA","A/chicken/Taiwan/4801/90L","H6N5","Avian",0.112
"90","PA","EPI_ISL_113360","H6N2","Avian",0.112
"91","PA","A/duck/Viet_Nam/QN-0503/2013M","H6N6","Avian",0.112
"92","PA","A/duck/Guangdong/S1328/2010K","H6N2","Avian",0.1115
"93","PA","A/turkey/England/1963C","H7N3","Avian",0.11
"94","PA","A/green-winged_teal/Alaska/AK18-WB1-015A/2018M","H8N4","Avian",0.11
"95","PA","EPI_ISL_11503","H7N3","Avian",0.11
"96","PA","A/ruddy_turnstone/Delaware_Bay/519/2013M","H10N8","Avian",0.11
"97","PA","A/Canada_goose/Ohio/127/1989C","H6N8","Avian",0.11
"98","PA","EPI_ISL_76398","H6N2","Avian",0.11
"99","PA","A/quail/Italy/1117/1965C","H10N8","Avian",0.11
"100","PA","A/mallard/Wisconsin/31/1979C","H3N8","Avian",0.109714285714286
"101","PA","A/pintail_duck/Alberta/121/1979L","H7N8","Avian",0.1096
"102","PA","EPI_ISL_5806","H12N5","Avian",0.1096
"103","PA","EPI_ISL_99408","H3N8","Avian",0.108
"104","PA","A/duck/Shanghai/28-1/2009J","H4N2","Avian",0.108
"105","PA","EPI_ISL_138081","H1N4","Avian",0.108
"106","PA","A/duck/Shantou/2542/2001H","H6N2","Avian",0.108
"107","PA","EPI_ISL_68666","H5N1","Avian",0.108
"108","PA","A/duck/Hunan/4056/2006C","H6N8","Avian",0.108
"109","PA","EPI_ISL_76406","H6N2","Avian",0.108
"110","PA","A/American_black_duck/NB/2538/2007E","H7N3","Avian",0.1072
"111","PA","A/mallard/California/1475/2010C","H3N8","Avian",0.106
"112","PA","EPI_ISL_113358","H6N2","Avian",0.106
"113","PA","A/mallard/Alberta/242/1998C","H3N8","Avian",0.106
"114","PA","A/mallard/New_Brunswick/04392/2007C","H3N8","Avian",0.106
"115","PA","EPI_ISL_21005","H7N8","Avian",0.1056
"116","PA","A/ruddy_turnstone/New_Jersey/AI12-1494/2012M","H12N1","Avian",0.105577777777778
"117","PA","A/mallard/New_Zealand/1613-39/2004C","H2N7","Avian",0.1055
"118","PA","A/blue-winged_teal/Alberta/121/1990C","H4N6","Avian",0.104
"119","PA","A/pintail/Alberta/352/1986C","H6N2","Avian",0.104
"120","PA","EPI_ISL_692","H7N1","Avian",0.104
"121","PA","A/chicken/Hunan/S4191/2009K","H6N2","Avian",0.104
"122","PA","A/duck/Korea/460-5/2008G","H6N2","Avian",0.104
"123","PA","EPI_ISL_203752","H5N8","Avian",0.104
"124","PA","EPI_ISL_14722","H4N6","Avian",0.104
"125","PA","A/ruddy_turnstone/New_Jersey/UGAI14-1758/2014M","H3N6","Avian",0.103833333333333
"126","PA","EPI_ISL_76351","H6N2","Avian",0.103833333333333
"127","PA","A/mallard/Wisconsin/168/1979C","H3N8","Avian",0.103714285714286
"128","PA","A/mallard/Wisconsin/73/1979C","H1N1","Avian",0.1036
"129","PA","EPI_ISL_4437","H2N9","Avian",0.1036
"130","PA","EPI_ISL_174508","H5N2","Avian",0.1036
"131","PA","A/mallard/Wisconsin/27/1981C","H10N7","Avian",0.1036
"132","PA","A/duck/Shantou/14062/2005H","H6N2","Avian",0.102
"133","PA","EPI_ISL_68714","H10N7","Avian",0.102
"134","PA","A/duck/Shantou/4026/2006C","H6N2","Avian",0.102
"135","PA","A/laughing_gull/Delaware_Bay/296/1998C","H16N3","Avian",0.102
"136","PA","A/laughing_gull/Delaware_Bay/464/2018M","H16N3","Avian",0.102
"137","PA","A/northern_pintail/Interior_Alaska/9BM6019R1/2009C","H10N7","Avian",0.102
"138","PA","A/turkey/New_York/11275/1999L","H9N2","Avian",0.102
"139","PA","A/chicken/New_Jersey/5404-1/1995C","H2N2","Avian",0.102
"140","PA","A/chicken/PA/298101-4/2004E","H2N2","Avian",0.102
"141","PA","A/Mallard/Colorado/AH0026547S/2015M","H4N6","Avian",0.102
"142","PA","A/duck/Victoria/3/1980C","H4N6","Avian",0.102
"143","PA","EPI_ISL_10067","H6N1","Avian",0.102
"144","PA","A/mallard/Minnesota/UGAI15-5040/2015K","H4N8","Avian",0.101833333333333
"145","PA","A/mallard/Wisconsin/654/1979C","H1N1","Avian",0.1016
"146","PA","A/turkey/Minnesota/833/1980","H4N2","Avian",0.1016
"147","PA","EPI_ISL_5787","H1N1","Avian",0.1
"148","PA","EPI_ISL_23356","H7N2","Avian",0.1
"149","PA","EPI_ISL_80897","H5N2","Avian",0.1
"150","PA","A/American_black_duck/Maine/UGAI16-5466/2016M","H9N9","Avian",0.1
"151","PA","A/mallard/Interior_Alaska/11ML00069/2011C","H2N3","Avian",0.1
"152","PA","EPI_ISL_69915","H3N1","Avian",0.1
"153","PA","A/American_black_duck/New_Brunswick/02375/2007C","H4N8","Avian",0.1
"154","PA","A/mallard/Southcentral_Alaska/12ML01015/2014C","H9N2","Avian",0.1
"155","PA","A/blue-winged_teal/Louisiana/3B/1986C","H4N8","Avian",0.1
"156","PA","A/blue-winged_teal/Wisconsin/89/1979C","H3N2","Avian",0.0997142857142857
"157","PA","A/great_black-backed_gull/Newfoundland/296/2008G","H13N2","Avian",0.0994923076923077
"158","PA","A/Laughing_Gull/Delaware/589/2019M","H16N3","Avian",0.098
"159","PA","A/Tibetan_snowfinch/Maduo/01/2006K","H7N2","Avian",0.098
"160","PA","EPI_ISL_8469","H4N8","Avian",0.098
"161","PA","A/mallard_duck/ALB/676/1979C","H3N6","Avian",0.098
"162","PA","A/black-headed_gull/Netherlands/10/2007K","H13N6","Avian",0.098
"163","PA","A/American_black_duck/New_Brunswick/02490/2007C","H7N3","Avian",0.098
"164","PA","A/chicken/Nanjing/B854-2/2011K","H3N8","Avian",0.098
"165","PA","EPI_ISL_112207","H6N2","Avian",0.098
"166","PA","EPI_ISL_76325","H6N2","Avian",0.098
"167","PA","A/duck/Alaska/5111/1994L","H2N3","Avian",0.098
"168","PA","A/duck/Hunan/121/2014K","H3N2","Avian",0.098
"169","PA","A/Herring_Gull/Delaware/608/2019M","H16N3","Avian",0.098
"170","PA","A/duck/Chabarovsk/1610/1972_C","H3N8","Avian",0.0976
"171","PA","A/green-winged_teal/Ohio/80/1993C","H6N8","Avian",0.0976
"172","PA","A/herring_gull/New_Jersey/159/1990C","H3N6","Avian",0.0976
"173","PA","EPI_ISL_1486","H9N2","Avian",0.0973333333333333
"174","PA","A/ruddy_turnstone/Delaware/1016443/2003M","H9N5","Avian",0.0972
"175","PA","A/Canada/rv504/2004C","H7N3","Zoonotic",0.096
"176","PA","EPI_ISL_131361","H6N2","Avian",0.096
"177","PA","EPI_ISL_76312","H6N2","Avian",0.096
"178","PA","EPI_ISL_81036","H6N2","Avian",0.096
"179","PA","EPI_ISL_68544","H6N4","Avian",0.096
"180","PA","EPI_ISL_8892","H10N1","Avian",0.096
"181","PA","EPI_ISL_3472","H5N2","Avian",0.096
"182","PA","EPI_ISL_113254","H6N2","Avian",0.096
"183","PA","EPI_ISL_76346","H6N2","Avian",0.096
"184","PA","A/mallard/Minnesota/140/1999G","H4N6","Avian",0.096
"185","PA","EPI_ISL_76338","H6N2","Avian",0.096
"186","PA","A/duck/Wisconsin/2680/1985C","H12N5","Avian",0.0958823529411765
"187","PA","A/laughing_gull/New_Jersey/177/1990C","H6N8","Avian",0.0956
"188","PA","A/green-winged_teal/Alberta/228/1985C","H7N3","Avian",0.0956
"189","PA","A/shearwater/Australia/751/1975C","H5N3","Avian",0.0956
"190","PA","A/mallard/Maryland/06OS444/2006C","H12N8","Avian",0.094
"191","PA","A/chicken/Scotland/1959C","H5N1","Avian",0.094
"192","PA","A/mallard/Wisconsin/72/1979C","H3N8","Avian",0.094
"193","PA","A/ruddy_turnstone/New_Jersey/UGAI14-1656/2014M","H6N2","Avian",0.094
"194","PA","EPI_ISL_68534","H4N6","Avian",0.094
"195","PA","A/duck/China/D1501-1/2014M","H6N6","Avian",0.094
"196","PA","A/mallard/Wisconsin/120/1980C","H4N8","Avian",0.094
"197","PA","EPI_ISL_113256","H6N2","Avian",0.094
"198","PA","EPI_ISL_68843","H8N2","Avian",0.094
"199","PA","EPI_ISL_179426","H5N3","Avian",0.0936
"200","PA","A/blue-winged_teal/ALB/295/1977C","H7N3","Avian",0.0936
"201","PA","A/duck/Hong_Kong/960/1980L","H6N2","Avian",0.0936
"202","PA","A/chicken/Hubei/wk/1997D","H5N1","Avian",0.0936
"203","PA","EPI_ISL_119119","H2N3","Avian",0.092
"204","PA","A/blue-winged_teal/ALB/569/1985C","H3N8","Avian",0.092
"205","PA","A/duck/Zhejiang/D1/2013K","H1N2","Avian",0.092
"206","PA","EPI_ISL_6951","H1N6","Avian",0.092
"207","PA","A/Duck/China/Q032/2013M","H6N2","Avian",0.092
"208","PA","A/duck/Guizhou/013/2014K","H6N6","Avian",0.092
"209","PA","A/duck/Viet_Nam/QN-0463/2013M","H6N6","Avian",0.092
"210","PA","EPI_ISL_76370","H6N2","Avian",0.092
"211","PA","EPI_ISL_189654","H7N3","Avian",0.0916
"212","PA","A/mallard/Wisconsin/33/1981C","H10N7","Avian",0.0916
"213","PA","A/shorebird/Delaware_Bay/124/2001C","H6N2","Avian",0.0916
"214","PA","EPI_ISL_119217","H7N3","Avian",0.0916
"215","PA","EPI_ISL_199315","H3N2","Avian",0.0913333333333333
"216","PA","A/mallard/Saskatchewan/17/1981C","H5N2","Avian",0.09
"217","PA","EPI_ISL_76381","H6N2","Avian",0.09
"218","PA","EPI_ISL_1089","H7N2","Avian",0.09
"219","PA","A/duck/Shantou/1090/2001H","H6N2","Avian",0.09
"220","PA","A/mallard/Wisconsin/333/1981C","H4N2","Avian",0.09
"221","PA","EPI_ISL_22497","H7N2","Avian",0.09
"222","PA","A/duck/Guangdong/S1419/2011K","H6N6","Avian",0.09
"223","PA","EPI_ISL_76314","H6N2","Avian",0.09
"224","PA","A/blue_winged-teal/Wisconsin/12OS3069/2012C","H11N9","Avian",0.09
"225","PA","A/American_Black_Duck/Ohio/17OS1914/2017M","H3N8","Avian",0.09
"226","PA","A/turkey/Minnesota/3/1992C","H5N2","Avian",0.09
"227","PA","EPI_ISL_3473","H5N2","Avian",0.09
"228","PA","A/blue-winged_teal/MN/993/1980C","H6N6","Avian",0.09
"229","PA","A/mallard/Alberta/58/1989C","H6N4","Avian",0.09
"230","PA","EPI_ISL_189662","H7N3","Avian",0.09
"231","PA","A/blue-winged_teal/Guatemala/CIP049-H116-50/2013M","H5N3","Avian",0.09
"232","PA","EPI_ISL_76349","H6N2","Avian",0.09
"233","PA","EPI_ISL_119216","H7N3","Avian",0.09
"234","PA","A/duck/Hunan/122/2014K","H3N2","Avian",0.09
"235","PA","A/duck/Jiangxi/S21055/2012K","H4N2","Avian",0.09
"236","PA","A/mallard/Wisconsin/480/1979C","H12N6","Avian",0.0897142857142857
"237","PA","EPI_ISL_89388","H12N6","Avian",0.0897142857142857
"238","PA","A/mallard-black_duck_hybrid/New_Brunswick/02748/2007C","H3N8","Avian",0.0896923076923077
"239","PA","A/blue-winged_teal/Alberta/69/1987C","H1N1","Avian",0.0896
"240","PA","EPI_ISL_8746","H6N8","Avian",0.0896
"241","PA","A/Muscovy_duck/New_Jersey/16-021456-4/2016M","H5N2","Avian",0.0896
"242","PA","A/turkey/England/N28/1973E","H5N2","Avian",0.088
"243","PA","EPI_ISL_99476","H3N8","Avian",0.088
"244","PA","EPI_ISL_150514","H7N9","Avian",0.088
"245","PA","EPI_ISL_127691","H3N3","Avian",0.088
"246","PA","A/blue-winged_teal/Alberta/142/1992C","H6N8","Avian",0.088
"247","PA","EPI_ISL_131449","H11N9","Avian",0.088
"248","PA","A/duck/Fujian/S2169/2012K","H4N6","Avian",0.088
"249","PA","A/duck/Guangdong/4323/2007K","H11N9","Avian",0.088
"250","PA","A/duck/Shantou/2954/2003H","H6N8","Avian",0.088
"251","PA","A/blue-winged_teal/Wisconsin/377/1982C","H6N1","Avian",0.088
"252","PA","EPI_ISL_22575","H5N2","Avian",0.088
"253","PA","A/black-headed_gull/Netherlands/1/2000M","H13N8","Avian",0.088
"254","PA","EPI_ISL_68413","H4N6","Avian",0.088
"255","PA","A/chicken/Guangxi/S4381/2010K","H6N6","Avian",0.088
"256","PA","A/duck/Minnesota/12/1975C","H3N8","Avian",0.088
"257","PA","A/duck/Minnesota/1525/1981C","H5N1","Avian",0.088
"258","PA","A/black-headed_gull/Netherlands/3/2007M","H16N3","Avian",0.088
"259","PA","A/aquatic_bird/South_Korea/sw006/2016M","H3N3","Avian",0.088
"260","PA","EPI_ISL_2785","H5N2","Avian",0.088
"261","PA","A/duck/Czechoslovakia/1956C","H4N6","Avian",0.088
"262","PA","EPI_ISL_76365","H6N2","Avian",0.088
"263","PA","EPI_ISL_113363","H6N2","Avian",0.088
"264","PA","EPI_ISL_10441","H1N1","Avian",0.088
"265","PA","A/blue-winged_teal/Texas/Sg-00081/2007C","H4N6","Avian",0.088
"266","PA","A/mallard/Minnesota/182749/1998C","H3N9","Avian",0.088
"267","PA","EPI_ISL_68842","H10N2","Avian",0.088
"268","PA","EPI_ISL_96134","H1N2","Avian",0.088
"269","PA","EPI_ISL_85258","H4N6","Avian",0.088
"270","PA","EPI_ISL_131285","H4N6","Avian",0.088
"271","PA","EPI_ISL_119106","H2N3","Avian",0.0877142857142857
"272","PA","EPI_ISL_119102","H2N3","Avian",0.0877142857142857
"273","PA","A/mallard/Wisconsin/42/1981C","H10N7","Avian",0.0876
"274","PA","A/mallard/Wisconsin/471/1976C","H3N8","Avian",0.0876
"275","PA","A/mallard/Wisconsin/1729/1983C","H3N6","Avian",0.0876
"276","PA","A/mallard/Wisconsin/1092/1982C","H1N3","Avian",0.0876
"277","PA","A/turkey/Chile/28317-6504-3/2009G","H1N1","Avian",0.086
"278","PA","EPI_ISL_8932","H6N1","Avian",0.086
"279","PA","A/black_headed_gull/Mongolia/1756/2006G","H16N3","Avian",0.086
"280","PA","EPI_ISL_76412","H6N2","Avian",0.086
"281","PA","EPI_ISL_76318","H6N2","Avian",0.086
"282","PA","EPI_ISL_5615","H6N2","Avian",0.086
"283","PA","A/greater_white-fronted_goose/Alaska/81081/2008K","H9N2","Avian",0.086
"284","PA","EPI_ISL_112758","H6N6","Avian",0.086
"285","PA","EPI_ISL_76339","H6N2","Avian",0.086
"286","PA","A/chicken/NY/8030-2/1997E","H7N2","Avian",0.0858461538461538
"287","PA","A/mallard/Wisconsin/34/1981C","H10N7","Avian",0.0856
"288","PA","A/mallard/Wisconsin/541/1979C","H6N1","Avian",0.0856
"289","PA","A/turkey/England/50-92/1991C","H5N1","Avian",0.084
"290","PA","EPI_ISL_99344","H4N6","Avian",0.084
"291","PA","EPI_ISL_119133","H2N3","Avian",0.084
"292","PA","EPI_ISL_189648","H7N3","Avian",0.084
"293","PA","EPI_ISL_197464","H4N6","Avian",0.084
"294","PA","EPI_ISL_22559","H5N9","Avian",0.084
"295","PA","EPI_ISL_6505","H10N7","Avian",0.084
"296","PA","A/Avian/NY/53726/2000E","H5N2","Avian",0.084
"297","PA","A/duck/Shantou/3550/2003H","H6N2","Avian",0.084
"298","PA","A/laughing_gull/Delaware_Bay/558/1988C","H11N1","Avian",0.084
"299","PA","EPI_ISL_76374","H6N2","Avian",0.084
"300","PA","EPI_ISL_76317","H6N2","Avian",0.084
"301","PA","A/duck/Fujian/1.17_FZHX0111-O/2017M","H6N6","Avian",0.084
"302","PA","A/chicken/Zhejiang/110144/2015K","H6N6","Avian",0.084
"303","PA","A/duck/China/B1994-2/2012M","H6N6","Avian",0.084
"304","PA","A/duck/Potsdam/1402-6/1986C","H5N2","Avian",0.084
"305","PA","EPI_ISL_113304","H6N2","Avian",0.084
"306","PA","A/chicken/China/embryonated_chicken_eggs/20142014-11-M","H6N6","Avian",0.084
"307","PA","EPI_ISL_76448","H6N9","Avian",0.084
"308","PA","A/American_green-winged_teal/Ohio/12OS2128/2012C","H6N5","Avian",0.084
"309","PA","A/duck/Shantou/1522/2001H","H6N2","Avian",0.0838333333333333
"310","PA","EPI_ISL_118930","H2N3","Avian",0.0836
"311","PA","A/mallard/Wisconsin/280/1982C","H4N2","Avian",0.0836
"312","PA","A/mallard/Wisconsin/283/1976C","H3N8","Avian",0.0836
"313","PA","EPI_ISL_8830","H4N6","Avian",0.0836
"314","PA","A/duck/Bavaria/2/1977K","H1N1","Avian",0.0836
"315","PA","A/duck/Alberta/57/1977L","H4N6","Avian",0.0836
"316","PA","A/Turkey/Indiana/OH21-8185/2021O","H1N2","Avian",0.0832
"317","PA","A/emperor_goose/Alaska/44063-061/2006J","H7N9","Avian",0.082
"318","PA","A/duck/Shantou/1233/2002H","H6N2","Avian",0.082
"319","PA","A/duck/Zhejiang/727D2/2013K","H11N3","Avian",0.082
"320","PA","A/Black_Duck/Ohio/194/1986C","H11N1","Avian",0.082
"321","PA","A/duck/Fujian/83/2013K","H1N8","Avian",0.082
"322","PA","A/shorebird/Delaware_Bay/42/1996C","H11N2","Avian",0.082
"323","PA","EPI_ISL_66122","H3N8","Avian",0.082
"324","PA","A/mallard/Alberta/93/1996C","H7N3","Avian",0.082
"325","PA","EPI_ISL_112757","H6N6","Avian",0.082
"326","PA","A/Pacific_black_duck/Western_Australia/699/1978C","H3N8","Avian",0.082
"327","PA","A/chicken/Viet_Nam/LS-1288/2011M","H6N6","Avian",0.082
"328","PA","A/duck/Jiangxi/S21046/2012K","H4N2","Avian",0.0818666666666667
"329","PA","A/duck/Fujian/S1487/2009K","H4N3","Avian",0.0818333333333333
"330","PA","A/blue-winged_teal/Wisconsin/331/1981C","H3N2","Avian",0.0817142857142857
"331","PA","A/European_herring_gull/Netherlands/1/2010K","H16N3","Avian",0.0816
"332","PA","A/pintail/Wisconsin/447/1976C","H11N9","Avian",0.0816
"333","PA","A/American_Green-winged_Teal/Ohio/17OS2028/2017M","H4N2","Avian",0.0816
"334","PA","EPI_ISL_8834","H4N6","Avian",0.0816
"335","PA","A/American_coot/Missouri/15OS6556/2015K","H10N2","Avian",0.0816
"336","PA","A/mallard/Wisconsin/1636/1983C","H3N8","Avian",0.0816
"337","PA","EPI_ISL_189538","H10N3","Avian",0.0816
"338","PA","EPI_ISL_94238","H12N5","Avian",0.0816
"339","PA","EPI_ISL_69870","H4N8","Avian",0.0813142857142857
"340","PA","A/mallard/Maryland/08OS1378/2008C","H1N1","Avian",0.08
"341","PA","A/black-legged_kittiwake/Quebec/02838-1/2009C","H13N6","Avian",0.08
"342","PA","A/chicken/Jiangxi/36277/2013K","H9N2","Avian",0.08
"343","PA","A/mallard/Wisconsin/71/1981C","H10N7","Avian",0.08
"344","PA","EPI_ISL_76413","H6N2","Avian",0.08
"345","PA","EPI_ISL_28750","H5N2","Avian",0.08
"346","PA","EPI_ISL_181119","H3N8","Avian",0.08
"347","PA","A/turkey/MB/FAV10/2010J","H5N2","Avian",0.08
"348","PA","A/American_green-winged_teal/Alaska/133988/2009K","H10N7","Avian",0.08
"349","PA","A/chicken/New_Jersey/13839-17/1995C","H2N2","Avian",0.08
"350","PA","A/duck/Buryatia/664-5465/1988M","H3N1","Avian",0.08
"351","PA","EPI_ISL_113362","H6N2","Avian",0.08
"352","PA","EPI_ISL_11404","H5N1","Avian",0.08
"353","PA","A/chicken/Hubei/wh/1997D","H5N1","Avian",0.08
"354","PA","A/mallard/Alberta/132/1986C","H2N9","Avian",0.08
"355","PA","A/duck/Kingmen/E322/04D","H6N2","Avian",0.08
"356","PA","A/chicken/Fujian/03.15_FZHX0001-C/2018M","H7N3","Avian",0.0798333333333333
"357","PA","A/duck/Shanghai/SH1/2013K","H3N2","Avian",0.0798333333333333
"358","PA","A/blue-winged_teal/Wisconsin/402/1983C","H4N6","Avian",0.0796
"359","PA","A/mallard/Wisconsin/1804/1983C","H3N2","Avian",0.0796
"360","PA","EPI_ISL_3467","H5N2","Avian",0.0796
"361","PA","A/scaup/Saskatchewan/9/1981C","H10N7","Avian",0.0796
"362","PA","A/widgeon/Wisconsin/541/1976C","H3N8","Avian",0.0796
"363","PA","A/American_green-winged_teal/Interior_Alaska/11BM03661/2011C","H3N8","Avian",0.078
"364","PA","A/common_gull/Norway/10_1617/2006H","H16N3","Avian",0.078
"365","PA","A/mallard/Maryland/08OS1342/2008C","H1N1","Avian",0.078
"366","PA","A/duck/Zhejiang/71750/2013K","H11N9","Avian",0.078
"367","PA","A/mallard/Wisconsin/538/1979C","H11N9","Avian",0.078
"368","PA","A/Australian_shelduck/Western_Australia/1762/1979C","H15N9","Avian",0.078
"369","PA","A/duck/Shantou/3371/2006C","H6N2","Avian",0.078
"370","PA","EPI_ISL_8759","H6N2","Avian",0.078
"371","PA","A/duck/Fujian/11661/2005H","H6N6","Avian",0.078
"372","PA","A/duck/Fujian/1761/2010K","H10N3","Avian",0.078
"373","PA","A/duck/Hainan/Q221/2012K","H1N2","Avian",0.078
"374","PA","A/turkey/Italy/9737/2002C","H7N3","Avian",0.078
"375","PA","A/chicken/China/81213/2017O","H1N3","Avian",0.078
"376","PA","A/chicken/Guangxi/129/2013K","H6N6","Avian",0.078
"377","PA","A/duck/Fujian/89/2013K","H1N8","Avian",0.078
"378","PA","A/green-winged_teal/Ohio/06OS2054/2006M","H1N2","Avian",0.078
"379","PA","A/American_wigeon/Louisiana/Sg-01031/2008C","H4N6","Avian",0.078
"380","PA","EPI_ISL_113307","H6N2","Avian",0.078
"381","PA","EPI_ISL_180852","H1N1","Avian",0.078
"382","PA","EPI_ISL_146169","H7N7","Avian",0.078
"383","PA","A/shorebird/Delaware/221/2006C","H13N9","Avian",0.078
"384","PA","A/mallard/Wisconsin/213/1979C","H3N8","Avian",0.0777142857142857
"385","PA","A/American_widgeon/Mississippi/11OS6073/2011C","H6N2","Avian",0.0776
"386","PA","A/mallard/Wisconsin/515/1981C","H2N3","Avian",0.0776
"387","PA","EPI_ISL_99474","H3N8","Avian",0.0776
"388","PA","A/Black_Duck/Ohio/239/1986C","H11N9","Avian",0.0776
"389","PA","EPI_ISL_23354","H5N2","Avian",0.0775090909090909
"390","PA","A/duck/Viet_Nam/QN-0295/2013M","H6N6","Avian",0.0775
"391","PA","EPI_ISL_67753","H5N1","Avian",0.076
"392","PA","A/Franklin's_gull/Chile/C10784/2016M","H16N3","Avian",0.076
"393","PA","EPI_ISL_31477","H11N2","Avian",0.076
"394","PA","EPI_ISL_154165","H6N6","Avian",0.076
"395","PA","A/mallard/Minnesota/AI09-4345/2009C","H6N1","Avian",0.076
"396","PA","EPI_ISL_8721","H2N3","Avian",0.076
"397","PA","A/blue-winged_teal/Texas/AI10-3744/2010C","H3N8","Avian",0.076
"398","PA","A/duck/Guangxi/105/2011K","H6N1","Avian",0.076
"399","PA","A/laughing_gull/Delaware_Bay/245/1996C","H10N2","Avian",0.076
"400","PA","EPI_ISL_113434","H6N6","Avian",0.076
"401","PA","A/duck/Fujian/10774/2006C","H6N6","Avian",0.076
"402","PA","A/American_Wigeon/California/D1516363/2015M","H6N5","Avian",0.076
"403","PA","A/guinea_fowl/New_Jersey/07-002030-001/2007M","H5N2","Avian",0.076
"404","PA","A/mallard/New_York/AH0179250/2021O","H2N5","Avian",0.076
"405","PA","A/duck/Fujian/84/2013K","H1N8","Avian",0.076
"406","PA","A/chicken/Victoria/1/1985C","H7N7","Avian",0.076
"407","PA","A/mallard/Maryland/172/2002C","H6N2","Avian",0.076
"408","PA","EPI_ISL_180861","H6N2","Avian",0.076
"409","PA","A/duck/Hokkaido/8/1980","H3N8","Avian",0.076
"410","PA","A/duck/Hong_Kong/342/78C","H5N2","Avian",0.076
"411","PA","EPI_ISL_199440","H6N6","Avian",0.076
"412","PA","EPI_ISL_141230","H3N8","Avian",0.076
"413","PA","A/chicken/Fujian/C1161/2013K","H9N2","Avian",0.0758333333333333
"414","PA","A/blue-winged_teal/Alberta/293/2003C","H4N6","Avian",0.0758
"415","PA","EPI_ISL_119107","H2N3","Avian",0.0757142857142857
"416","PA","EPI_ISL_119101","H2N3","Avian",0.0757142857142857
"417","PA","A/mallard/Alberta/283/1977C","H8N4","Avian",0.0756
"418","PA","A/mallard/Wisconsin/1746/1983C","H3N2","Avian",0.0756
"419","PA","A/shoveler/Saskatchewan/3/1982C","H3N8","Avian",0.0756
"420","PA","EPI_ISL_180819","H1N1","Avian",0.0756
"421","PA","A/American_green-winged_teal/Illinois/10OS3329/2010C","H7N7","Avian",0.074
"422","PA","A/mallard/Maryland/08OS1331/2008C","H1N1","Avian",0.074
"423","PA","A/mallard/Maryland/08OS1416/2008C","H1N1","Avian",0.074
"424","PA","A/duck/Shanghai/44-2/2009K","H4N6","Avian",0.074
"425","PA","A/mallard/Minnesota/Sg-00053/2007C","H4N6","Avian",0.074
"426","PA","A/chicken/Queensland/1994C","H7N3","Avian",0.074
"427","PA","A/duck/Ireland/113/1983G","H5N8","Avian",0.074
"428","PA","A/mallard/Wisconsin/331/1975C","H6N2","Avian",0.074
"429","PA","EPI_ISL_139436","H4N6","Avian",0.074
"430","PA","EPI_ISL_68737","H4N2","Avian",0.074
"431","PA","EPI_ISL_8895","H10N7","Avian",0.074
"432","PA","EPI_ISL_146188","H7N7","Avian",0.074
"433","PA","A/arctic_tern/Alaska/300/1975C","H5N3","Avian",0.074
"434","PA","A/green-winged_teal/Texas/AI11-3608/2011C","H4N6","Avian",0.074
"435","PA","A/mallard/Sweden/58/2003C","H11N1","Avian",0.074
"436","PA","A/duck/China/D3480-1/2014M","H6N6","Avian",0.074
"437","PA","EPI_ISL_76442","H6N6","Avian",0.074
"438","PA","A/blue-winged_teal/Illinois/12OS4788/2012C","H1N1","Avian",0.074
"439","PA","A/Peking_duck/Heinersdorf/648-4/1986C","H2N3","Avian",0.074
"440","PA","A/duck/Hunan/199/2014K","H3N8","Avian",0.074
"441","PA","EPI_ISL_8911","H12N5","Avian",0.074
"442","PA","A/duck/China/G93-1/2017M","H6N6","Avian",0.0738
"443","PA","EPI_ISL_99492","H3N8","Avian",0.0737142857142857
"444","PA","EPI_ISL_8846","H4N6","Avian",0.0736
"445","PA","A/blue-winged_teal/Wisconsin/440/1979C","H4N2","Avian",0.0736
"446","PA","EPI_ISL_104489","H3N2","Avian",0.0736
"447","PA","A/mallard/Wisconsin/1793/1983C","H3N2","Avian",0.0736
"448","PA","A/mallard/Alberta/501/1980C","H2N3","Avian",0.0736
"449","PA","A/blue-winged_teal/Wisconsin/124/1980C","H3N8","Avian",0.0736
"450","PA","A/Ck/HK/31.2/2002A","H5N1","Avian",0.072
"451","PA","A/American_wigeon/California/HKWF041C/2007C","H6N1","Avian",0.072
"452","PA","A/mallard/Alberta/267/1996C","H1N1","Avian",0.072
"453","PA","EPI_ISL_146013","H5N2","Avian",0.072
"454","PA","A/mallard/Interior_Alaska/9BM11023R0/2009C","H8N4","Avian",0.072
"455","PA","A/American_Black_Duck/Maine/A00090256/2007M","H3N2","Avian",0.072
"456","PA","A/black-headed_gull/Astrakhan/44/1988G","H13N6","Avian",0.072
"457","PA","A/northern_pintail/Interior_Alaska/9BM5054R0/2009C","H10N7","Avian",0.072
"458","PA","EPI_ISL_68990","H5N2","Avian",0.072
"459","PA","EPI_ISL_181058","H1N1","Avian",0.072
"460","PA","EPI_ISL_29260","H5N2","Avian",0.072
"461","PA","A/avian/New_York/Sg-00394/2002C","H5N2","Avian",0.072
"462","PA","A/mallard/Minnesota/210/1999G","H4N8","Avian",0.072
"463","PA","EPI_ISL_146168","H7N2","Avian",0.072
"464","PA","A/Peking_duck/Wagun/1688-4/1985C","H2N3","Avian",0.072
"465","PA","A/herring_gull/DE/475/1986C","H13N2","Avian",0.072
"466","PA","EPI_ISL_65836","H5N2","Avian",0.072
"467","PA","EPI_ISL_119103","H2N3","Avian",0.0717142857142857
"468","PA","EPI_ISL_24810","H7N3","Avian",0.0716
"469","PA","EPI_ISL_118565","H2N9","Avian",0.0716
"470","PA","A/chicken/Yuhuan/YH14/2016K","H1N2","Avian",0.0716
"471","PA","A/chicken/Ganzhou/GZ157/2016K","H3N2","Avian",0.0715714285714286
"472","PA","A/duck/Jiangxi/21714/2011K","H11N9","Avian",0.07
"473","PA","EPI_ISL_154170","H6N2","Avian",0.07
"474","PA","A/duck/Shantou/1080/2007C","H6N2","Avian",0.07
"475","PA","A/duck/Zhejiang/S4488/2014M","H7N9","Avian",0.07
"476","PA","A/duck/Fujian/SD063/2017M","H3N3","Avian",0.07
"477","PA","A/mallard/Sweden/81/2002C","H6N1","Avian",0.07
"478","PA","EPI_ISL_113433","H6N2","Avian",0.07
"479","PA","EPI_ISL_76372","H6N2","Avian",0.07
"480","PA","A/blue_winged_teal/TX/27/2002F","H1N1","Avian",0.07
"481","PA","A/duck/Fujian/1804/2007C","H6N6","Avian",0.07
"482","PA","A/ruddy_turnstone/Delaware/2762/1987C","H11N2","Avian",0.07
"483","PA","A/American_Green-winged_Teal/Virginia/AH0102543S/2016M","H1N1","Avian",0.07
"484","PA","A/duck/Western_Australia/8069/1984C","H4N6","Avian",0.07
"485","PA","A/chicken/Guangxi/S4029/2010K","H6N6","Avian",0.07
"486","PA","A/duck/Minnesota/A/1975C","H4N6","Avian",0.07
"487","PA","A/chicken/Guangdong/S1453/2010K","H6N2","Avian",0.07
"488","PA","EPI_ISL_377","H7N1","Avian",0.07
"489","PA","EPI_ISL_3260","H4N6","Avian",0.07
"490","PA","EPI_ISL_131414","H11N2","Avian",0.07
"491","PA","A/mallard/California/1390/2010C","H7N5","Avian",0.07
"492","PA","A/mallard/Illinois/14OS2374/2014K","H11N9","Avian",0.07
"493","PA","EPI_ISL_76396","H6N2","Avian",0.07
"494","PA","EPI_ISL_181054","H1N1","Avian",0.07
"495","PA","EPI_ISL_180828","H1N1","Avian",0.07
"496","PA","A/duck/Victoria/2853/2003C","H4N8","Avian",0.07
"497","PA","A/chicken/China/embryonated_chicken_eggs/2015M","H6N6","Avian",0.07
"498","PA","A/green-winged_teal/Alaska/UGAI15-6400/2015K","H3N8","Avian",0.07
"499","PA","A/ring-billed_gull/Georgia/2658/2000G","H11N6","Avian",0.06975
"500","PA","EPI_ISL_118929","H2N3","Avian",0.0696
"501","PA","EPI_ISL_79771","H5N2","Avian",0.0696
"502","PA","EPI_ISL_68853","H10N7","Avian",0.0696
"503","PA","A/American_black_duck/New_Brunswick/02749/2007C","H3N8","Avian",0.0696
"504","PA","A/mallard/Interior_Alaska/11BM02987/2011C","H2N6","Avian",0.0696
"505","PA","EPI_ISL_8927","H3N6","Avian",0.068
"506","PA","EPI_ISL_163904","H3N6","Avian",0.068
"507","PA","A/Ruddy_Turnstone/Delaware_Bay/563/2020M","H11N5","Avian",0.068
"508","PA","EPI_ISL_67863","H4N6","Avian",0.068
"509","PA","A/chicken/China/30/2019O","H6N2","Avian",0.068
"510","PA","A/duck/Japan/AQ-HE29-52/2017L","H7N9","Avian",0.068
"511","PA","EPI_ISL_8787","H9N5","Avian",0.068
"512","PA","EPI_ISL_154187","H6N6","Avian",0.068
"513","PA","A/chicken/Guangxi/121/2012K","H6N2","Avian",0.068
"514","PA","A/chicken/NY/11602-12/1998E","H3N2","Avian",0.068
"515","PA","A/chicken/Hunan/S3003/2009K","H6N6","Avian",0.068
"516","PA","EPI_ISL_99554","H6N6","Avian",0.068
"517","PA","EPI_ISL_118658","H2N2","Avian",0.068
"518","PA","EPI_ISL_180818","H1N1","Avian",0.068
"519","PA","A/herring_gull/DE/677/1988E","H2N8","Avian",0.068
"520","PA","A/herring_gull/Delaware_Bay/106/1995C","H11N2","Avian",0.068
"521","PA","EPI_ISL_85109","H3N8","Avian",0.068
"522","PA","EPI_ISL_146021","H1N1","Avian",0.0677333333333333
"523","PA","A/mallard/Wisconsin/426/1979C","H8N4","Avian",0.0676
"524","PA","EPI_ISL_5780","H2N9","Avian",0.0676
"525","PA","A/blue-winged_teal/Wisconsin/393/1984C","H4N6","Avian",0.0676
"526","PA","A/turkey/MN/24552/1982G","H7N3","Avian",0.0676
"527","PA","A/mallard/Wisconsin/1781/1983C","H3N2","Avian",0.0676
"528","PA","EPI_ISL_5813","H6N2","Avian",0.066
"529","PA","A/blue-winged_teal/ALB/293/1994C","H4N6","Avian",0.066
"530","PA","A/ruddy_turnstone/Delaware_Bay/160/2005M","H3N6","Avian",0.066
"531","PA","A/ruddy_turnstone/New_Jersey/UGAI14-1204/2014K","H7N3","Avian",0.066
"532","PA","A/blue-winged_teal/Texas/AI10-3844/2010C","H4N6","Avian",0.066
"533","PA","A/ruddy_turnstone/Delaware/2589/1987C","H11N1","Avian",0.066
"534","PA","EPI_ISL_8802","H1N1","Avian",0.066
"535","PA","A/northern_pintail/Interior_Alaska/9BM8483R2/2009C","H10N7","Avian",0.066
"536","PA","EPI_ISL_20805","H3N2","Avian",0.066
"537","PA","A/duck/Zhejiang/409/2013K","H4N6","Avian",0.066
"538","PA","A/duck/Alberta/60/1976C","H12N5","Avian",0.066
"539","PA","EPI_ISL_199441","H4N3","Avian",0.066
"540","PA","A/quail/QC/FAV-10/2008H","H3N2","Avian",0.066
"541","PA","A/red-necked_stint/Australia/4189/1980C","H4N8","Avian",0.066
"542","PA","A/mallard/Alberta/280/1977L","H4N6","Avian",0.0656
"543","PA","A/duck/Fujian/FJ1239/2014K","H1N3","Avian",0.0656
"544","PA","A/duck/Fujian/6326/2010K","H7N3","Avian",0.0656
"545","PA","EPI_ISL_5833","H4N8","Avian",0.0656
"546","PA","EPI_ISL_33294","H4N2","Avian",0.0656
"547","PA","A/mallard/Alberta/563/1986C","H6N5","Avian",0.0655
"548","PA","A/mallard/Maryland/1111/2005C","H11N9","Avian",0.064
"549","PA","EPI_ISL_99447","H3N9","Avian",0.064
"550","PA","A/mallard/Maryland/08OS3079/2008C","H4N6","Avian",0.064
"551","PA","EPI_ISL_112526","H6N9","Avian",0.064
"552","PA","A/duck/Zhejiang/S2235/2012K","H4N6","Avian",0.064
"553","PA","EPI_ISL_99499","H9N5","Avian",0.064
"554","PA","A/duck/Guangdong/1/1996J","H7N3","Avian",0.064
"555","PA","A/duck/Shantou/358/2007C","H6N6","Avian",0.064
"556","PA","A/duck/Shantou/3939/2001H","H6N2","Avian",0.064
"557","PA","A/mallard/ON/499/2005E","H5N1","Avian",0.064
"558","PA","EPI_ISL_25104","H4N6","Avian",0.064
"559","PA","A/African_starling/England-Q/983/1979A","H7N1","Avian",0.064
"560","PA","A/duck/Western_Australia/8346/1987C","H4N6","Avian",0.064
"561","PA","A/mallard/Sweden/24/2002C","H8N4","Avian",0.064
"562","PA","EPI_ISL_154190","H6N6","Avian",0.064
"563","PA","A/duck/Fujian/2018/2007C","H6N6","Avian",0.064
"564","PA","EPI_ISL_26430","H7N1","Avian",0.064
"565","PA","EPI_ISL_3362","H1N2","Avian",0.064
"566","PA","EPI_ISL_12556","H1N1","Avian",0.064
"567","PA","A/blue-winged_teal/North_Dakota/Sg-00735/2008C","H1N1","Avian",0.064
"568","PA","EPI_ISL_170786","H7N7","Avian",0.064
"569","PA","EPI_ISL_112728","H6N2","Avian",0.064
"570","PA","A/ruddy_turnstone/Delaware_Bay/327/2020M","H7N9","Avian",0.064
"571","PA","A/duck/Guangdong/C120/2011K","H6N6","Avian",0.0638333333333333
"572","PA","A/mallard/Saskatchewan/36/1981C","H6N2","Avian",0.0636
"573","PA","A/black_duck/Ohio/101/1986C","H6N2","Avian",0.0636
"574","PA","A/European_herring_gull/Netherlands/5/2006M","H16N3","Avian",0.0636
"575","PA","A/mallard/Wisconsin/590/1979C","H1N2","Avian",0.0636
"576","PA","A/blue-winged_teal/Wisconsin/175/1978C","H4N2","Avian",0.0636
"577","PA","A/northern_pintail/Interior_Alaska/9BM10959R2/2009C","H10N7","Avian",0.062
"578","PA","A/blue-winged_Teal/Minnesota/AI09-3575/2009C","H4N8","Avian",0.062
"579","PA","A/northern_shoveler/California/LDC762/2016M","H8N4","Avian",0.062
"580","PA","EPI_ISL_99498","H9N5","Avian",0.062
"581","PA","A/ruddy_turnstone/New_Jersey/AI11-2046/2011M","H10N3","Avian",0.062
"582","PA","A/Duck/Foshan/11/2019O","H3N2","Avian",0.062
"583","PA","A/chicken/Eastern_China/42/2007J","H6N2","Avian",0.062
"584","PA","A/black-headed_gull/Netherlands/33/2008M","H16N3","Avian",0.062
"585","PA","A/ruddy_turnstone/Delaware/828213/2001C","H11N2","Avian",0.062
"586","PA","EPI_ISL_29971","H10N2","Avian",0.062
"587","PA","EPI_ISL_26346","H10N4","Avian",0.062
"588","PA","A/duck/Louisiana/188D/1987G","H12N5","Avian",0.062
"589","PA","A/Herring_Gull/Massachusetts/A00648696/2008M","H13N2","Avian",0.062
"590","PA","A/Japanese_quail/CA/K0401010/2004E","H6N2","Avian",0.062
"591","PA","EPI_ISL_8866","H8N4","Avian",0.0616
"592","PA","A/duck/Guangdong/8.30_DGCP036-C/2017M","H6N2","Avian",0.0616
"593","PA","A/silver_gull/Tasmania/06-0349-105/2006O","H13N6","Avian",0.0616
"594","PA","A/blue-winged_teal/Wisconsin/340/1976C","H6N1","Avian",0.0616
"595","PA","A/duck/Wisconsin/2420/1985C","H2N1","Avian",0.0616
"596","PA","A/mallard/Wisconsin/145/1978C","H4N2","Avian",0.0616
"597","PA","A/blue-winged_teal/Wisconsin/123/1978C","H3N6","Avian",0.0616
"598","PA","A/mallard/Saskatchewan/1/1982C","H3N8","Avian",0.06
"599","PA","A/ruddy_turnstone/Delaware_Bay/220/1995C","H7N9","Avian",0.06
"600","PA","A/mallard/China/y41/2014M","H3N2","Avian",0.06
"601","PA","A/mallard/Wisconsin/414/1977C","H3N2","Avian",0.06
"602","PA","A/laughing_gull/Delaware/2971/1988C","H9N9","Avian",0.06
"603","PA","EPI_ISL_8419","H3N6","Avian",0.06
"604","PA","A/mallard/Maryland/1211/2006C","H11N9","Avian",0.06
"605","PA","A/mallard/Interior_Alaska/12ML00098/2012C","H3N8","Avian",0.06
"606","PA","EPI_ISL_84880","H1N1","Avian",0.06
"607","PA","EPI_ISL_99570","H6N6","Avian",0.06
"608","PA","A/duck/Nanchang/1681/1992C","H3N8","Avian",0.06
"609","PA","A/mallard/Alberta/856/1984C","H2N3","Avian",0.06
"610","PA","EPI_ISL_3235","H2N3","Avian",0.06
"611","PA","A/Mallard/Alberta/237/2021O","H3N8","Avian",0.06
"612","PA","A/white-rumped_sandpiper/Lagoa_do_Peixe/RS1151/2012K","H6N1","Avian",0.06
"613","PA","A/chicken/Connecticut/17-008911-004/2017M","H2N2","Avian",0.06
"614","PA","A/widgeon/Wisconsin/505/1979C","H1N1","Avian",0.06
"615","PA","EPI_ISL_8918","H2N1","Avian",0.0596
"616","PA","A/mallard/Maryland/02-181/2002E","H1N1","Avian",0.0596
"617","PA","A/Duck/NY/185502/2002E","H5N2","Avian",0.0596
"618","PA","EPI_ISL_5853","H4N9","Avian",0.0596
"619","PA","A/widgeon/Saskatchewan/33/1982C","H3N8","Avian",0.0596
"620","PA","EPI_ISL_131330","H11N1","Avian",0.0592
"621","PA","A/duck/Shantou/14966/2005H","H6N2","Avian",0.058
"622","PA","EPI_ISL_6460","H3N2","Avian",0.058
"623","PA","A/duck/Guangdong/S4192/2008K","H6N2","Avian",0.058
"624","PA","A/duck/Guangxi/121/2012K","H6N2","Avian",0.058
"625","PA","A/duck/Western_Australia/8108/1984C","H4N6","Avian",0.058
"626","PA","A/ruddy_turnstone/Delaware_Bay/352/2009M","H10N7","Avian",0.058
"627","PA","EPI_ISL_154177","H6N6","Avian",0.058
"628","PA","EPI_ISL_8819","H3N5","Avian",0.058
"629","PA","EPI_ISL_8880","H9N5","Avian",0.058
"630","PA","A/chicken/Jena/4705/1984C","H2N2","Avian",0.058
"631","PA","A/American_green-winged_teal/Alaska/386/2014K","H1N1","Avian",0.058
"632","PA","EPI_ISL_120216","H1N1","Avian",0.058
"633","PA","A/duck/Hubei/ZYSYF12/2015K","H3N6","Avian",0.058
"634","PA","EPI_ISL_112235","H6N2","Avian",0.058
"635","PA","A/avian/New_York/Sg-00350/2000C","H7N2","Avian",0.058
"636","PA","EPI_ISL_73370","H3N5","Avian",0.058
"637","PA","A/herring_gull/Delaware_Bay/433/1986C","H2N7","Avian",0.058
"638","PA","A/mallard/Saskatchewan/14/1982C","H3N8","Avian",0.0576
"639","PA","EPI_ISL_79773","H5N2","Avian",0.0576
"640","PA","A/duck/Zhejiang/S4204/2010K","H6N6","Avian",0.056
"641","PA","A/gadwall/Illinois/3860/2009C","H6N1","Avian",0.056
"642","PA","A/laughing_gull/Delaware_Bay/2718/1987C","H9N5","Avian",0.056
"643","PA","EPI_ISL_131322","H11N1","Avian",0.056
"644","PA","EPI_ISL_5783","H6N2","Avian",0.056
"645","PA","A/American_Green-winged_Teal/Ohio/17OS2009/2017M","H4N2","Avian",0.056
"646","PA","A/California_gull/California/1196P/2013C","H16N3","Avian",0.056
"647","PA","A/blue-winged_teal/Saskatchewan/75/1982C","H3N8","Avian",0.056
"648","PA","EPI_ISL_8941","H1N3","Avian",0.056
"649","PA","A/blue-winged_teal/Lousiana/UGAI14-0420/2014K","H3N2","Avian",0.056
"650","PA","A/American_wigeon/California/HS005B/2015K","H6N5","Avian",0.056
"651","PA","A/herring_gull/NJ/402/1989C","H5N3","Avian",0.056
"652","PA","A/avian/New_York/Sg-00357/2001C","H7N2","Avian",0.056
"653","PA","A/duck/Hokkaido/120/2001A","H6N2","Avian",0.056
"654","PA","A/mallard/Michigan/15-031493-1/2015M","H5N2","Avian",0.056
"655","PA","A/Pacific_black_duck/Western_Australia/2741/1979C","H6N1","Avian",0.056
"656","PA","A/duck/South_Africa/811/2004E","H5N1","Avian",0.056
"657","PA","A/duck/Jiangxi/44/2011M","H5N1","Avian",0.056
"658","PA","A/gull/Massachusetts/26/1980G","H13N6","Avian",0.056
"659","PA","A/ruddy_turnstone/DE/510/1988C","H9N6","Avian",0.0556
"660","PA","EPI_ISL_6443","H1N9","Avian",0.0556
"661","PA","A/ruddy_turnstone/NJ/842/1989C","H11N1","Avian",0.0556
"662","PA","A/mallard/Quebec/02916-1/2009C","H16N3","Avian",0.054
"663","PA","EPI_ISL_8931","H6N1","Avian",0.054
"664","PA","EPI_ISL_143938","H6N6","Avian",0.054
"665","PA","EPI_ISL_112433","H6N2","Avian",0.054
"666","PA","EPI_ISL_99497","H9N5","Avian",0.054
"667","PA","A/mallard/Wisconsin/598/1983C","H5N2","Avian",0.054
"668","PA","EPI_ISL_84883","H4N8","Avian",0.054
"669","PA","EPI_ISL_8796","H1N1","Avian",0.054
"670","PA","EPI_ISL_120208","H1N1","Avian",0.054
"671","PA","A/American_black_duck/Maryland/11OS3898/2012C","H2N1","Avian",0.054
"672","PA","A/chicken/CA/S0403106/2004E","H6N2","Avian",0.054
"673","PA","EPI_ISL_6495","H4N6","Avian",0.054
"674","PA","EPI_ISL_1489","H9N2","Avian",0.054
"675","PA","A/chicken/Victoria/224/1992C","H7N3","Avian",0.054
"676","PA","A/herring_gull/New_York/AI00-532/2000C","H16N3","Avian",0.054
"677","PA","A/gull/Maryland/1824/1978G","H13N9","Avian",0.054
"678","PA","A/knot/DE/541/1988C","H4N6","Avian",0.0536
"679","PA","A/laughing_gull/Delaware_Bay/10/1990C","H2N1","Avian",0.0536
"680","PA","EPI_ISL_68736","H4N8","Avian",0.0536
"681","PA","A/green-winged_teal/Wisconsin/118/1979C","H4N2","Avian",0.0536
"682","PA","A/turkey/Italy/4372/2004C","H7N3","Avian",0.0532
"683","PA","EPI_ISL_99486","H9N9","Avian",0.052
"684","PA","EPI_ISL_5367","H5N2","Avian",0.052
"685","PA","EPI_ISL_170529","H1N1","Avian",0.052
"686","PA","A/American_green-winged_teal/Ohio/13OS1775/2013K","H4N8","Avian",0.0518333333333333
"687","PA","EPI_ISL_8925","H3N2","Avian",0.0518
"688","PA","EPI_ISL_131323","H11N1","Avian",0.0516
"689","PA","EPI_ISL_131324","H11N1","Avian",0.0516
"690","PA","A/mallard/Ohio/338/1986C","H4N8","Avian",0.0516
"691","PA","A/gull/Delaware/2952/1988C","H11N1","Avian",0.0516
"692","PA","EPI_ISL_95453","H11N9","Avian",0.05
"693","PA","EPI_ISL_122087","H2N3","Avian",0.05
"694","PA","A/glaucous-winged_gull/Alaska/387/2013K","H13N2","Avian",0.05
"695","PA","EPI_ISL_8843","H4N2","Avian",0.05
"696","PA","EPI_ISL_64727","H7N6","Avian",0.05
"697","PA","A/blue-winged_teal/Illinois/12OS2951/2012C","H11N3","Avian",0.05
"698","PA","A/Peking_duck/Wagun/1827-6/1984C","H11N2","Avian",0.05
"699","PA","EPI_ISL_112188","H6N6","Avian",0.05
"700","PA","EPI_ISL_99490","H2N1","Avian",0.0496
"701","PA","EPI_ISL_6933","H3N2","Avian",0.0496
"702","PA","EPI_ISL_131345","H6N8","Avian",0.0496
"703","PA","A/duck/Wisconsin/1143/1978C","H3N2","Avian",0.0496
"704","PA","A/duck/Wisconsin/1156/1978C","H3N2","Avian",0.0496
"705","PA","A/black_duck/Ohio/161/1999C","H11N9","Avian",0.048
"706","PA","EPI_ISL_8766","H6N8","Avian",0.048
"707","PA","A/mallard/Wisconsin/365/1981C","H4N2","Avian",0.048
"708","PA","EPI_ISL_142015","H10N9","Avian",0.048
"709","PA","A/ruddy_turnstone/New_Jersey/138/1990C","H3N6","Avian",0.048
"710","PA","EPI_ISL_67386","H5N1","Avian",0.048
"711","PA","A/duck/Victoria/26/1981C","H5N2","Avian",0.048
"712","PA","A/duck/Ukraine/1/1963C","H3N8","Avian",0.048
"713","PA","A/herring_gull/DE/698/1988C","H2N1","Avian",0.048
"714","PA","A/duck/Wisconsin/1164/1978C","H3N2","Avian",0.0476
"715","PA","EPI_ISL_134979","H4N2","Avian",0.046
"716","PA","EPI_ISL_68833","H7N1","Avian",0.046
"717","PA","A/green-winged_teal/Ohio/175/1986C","H2N1","Avian",0.046
"718","PA","A/duck/China/Influenza_A_virus/2019O","H3N2","Avian",0.046
"719","PA","EPI_ISL_199197","H3N8","Avian",0.046
"720","PA","A/chicken/NY/14714-2/1999E","H7N3","Avian",0.0456
"721","PA","A/mallard/Wisconsin/1132/1982C","H7N3","Avian",0.0456
"722","PA","EPI_ISL_99479","H3N8","Avian",0.044
"723","PA","A/duck/Japan/AQ-HE103/2015L","H1N2","Avian",0.044
"724","PA","A/ruddy_turnstone/Delaware/760/2006G","H7N3","Avian",0.044
"725","PA","A/mallard/Alberta/54/1991C","H3N8","Avian",0.044
"726","PA","EPI_ISL_22526","H11N9","Avian",0.044
"727","PA","A/knot/Delaware_Bay/526/1988C","H6N8","Avian",0.0436
"728","PA","A/Red-Necked_Stint/Delaware_Bay/428/2020M","H7N6","Avian",0.042
"729","PA","A/ruddy_turnstone/Delaware_Bay/238/2018M","H3N1","Avian",0.04
"730","PA","A/mallard/Sweden/3240/2003C","H8N4","Avian",0.04
"731","PA","EPI_ISL_68828","H3N8","Avian",0.04
"732","PA","A/duck/NZL/76/1984C","H9N1","Avian",0.04
"733","PA","A/chicken/Dominican_Republic/17-041237-001/2017M","H5N2","Avian",0.04
"734","PA","A/mallard/Astrakhan/263/1982C","H14N5","Avian",0.04
"735","PA","A/ruddy_turnstone/Delaware_Bay/305/2009M","H10N7","Avian",0.0396
"736","PA","EPI_ISL_189324","H8N4","Avian",0.038
"737","PA","A/chicken/New_Jersey/10977-2/1994C","H2N2","Avian",0.038
"738","PA","A/common_eider/Netherlands2/2006C","H4N8","Avian",0.036
"739","PA","A/green_winged_teal/Ohio/464069/2006G","H5N2","Avian",0.036
"740","PA","EPI_ISL_69986","H3N2","Avian",0.036
"741","PA","A/chicken/Italy/4616/2003C","H7N3","Avian",0.0356
"742","PA","A/mallard/Sweden/16/2002K","H12N9","Avian",0.0356
"743","PA","A/chicken/Victoria/1976C","H7N7","Avian",0.034
"744","PA","A/duck/Eastern_China/51/2002J","H6N2","Avian",0.034
"745","PA","A/Muscovy_duck/New_Jersey/07-002376-001/2007M","H5N2","Avian",0.032
"746","PA","A/American_black_duck/Maryland/07OS2482/2007C","H6N8","Avian",0.03
"747","PA","A/aquatic_bird/Cheonan/408/2012M","H9N2","Avian",0.03
"748","PA","A/duck/Hong_Kong/702/1979C","H9N2","Avian",0.03
"749","PA","A/ostrich/South_Africa/N227/2004F","H5N2","Avian",0.03
"750","PA","EPI_ISL_8950","H9N2","Avian",0.028
"751","PA","EPI_ISL_99569","H6N8","Avian",0.028
"752","PA","A/duck/Italy/4609/2003C","H7N2","Avian",0.0277142857142857
"753","PA","A/mallard/Sweden/65/2002C","H10N9","Avian",0.026
"754","PA","A/mallard/Quebec/11221/2006C","H3N2","Avian",0.024
"755","PA","A/mallard/Sweden/7996/2005C","H8N4","Avian",0.024
"756","PA","EPI_ISL_122040","H2N7","Avian",0.02
"757","PA","A/mallard/Sweden/105/2002K","H7N7","Avian",0.02
"758","PA","EPI_ISL_158215","H4N6","Avian",0.018
"759","NP","EPI_ISL_19640559","H6N1","Avian",0.618108539079783
"760","NP","EPI_ISL_18058052","H2N1","Avian",0.617318993657012
"761","NP","EPI_ISL_19548768","H5N1","Avian",0.60119028207535
"762","NP","EPI_ISL_19594046","H5N1","Avian",0.601116573825817
"763","NP","EPI_ISL_19594045","H5N1","Avian",0.601116573825817
"764","NP","EPI_ISL_19593888","H5N1","Avian",0.57928749726329
"765","NP","EPI_ISL_19593865","H5N1","Avian",0.57928749726329
"766","NP","EPI_ISL_19593852","H5N1","Avian",0.57928749726329
"767","NP","EPI_ISL_19593830","H5N1","Avian",0.57928749726329
"768","NP","EPI_ISL_19652916","H5N1","Avian",0.578007126275355
"769","NP","EPI_ISL_19473581","H5N1","Zoonotic",0.577806549673881
"770","NP","EPI_ISL_19590706","H5N1","Zoonotic",0.577806549673881
"771","NP","EPI_ISL_19616451","H5N1","Zoonotic",0.577806549673881
"772","NP","EPI_ISL_19660248","H5N1","Zoonotic",0.577806549673881
"773","NP","EPI_ISL_19645080","H5N1","Avian",0.577806549673881
"774","NP","EPI_ISL_19548685","H5N1","Avian",0.577806549673881
"775","NP","EPI_ISL_19594040","H5N1","Avian",0.577806549673881
"776","NP","EPI_ISL_19652838","H5N1","Avian",0.577806549673881
"777","NP","EPI_ISL_19652898","H5N1","Avian",0.577806549673881
"778","NP","EPI_ISL_19652894","H5N1","Avian",0.577806549673881
"779","NP","EPI_ISL_19652893","H5N1","Avian",0.577806549673881
"780","NP","EPI_ISL_19652843","H5N1","Avian",0.577806549673881
"781","NP","EPI_ISL_19689764","H5N1","Avian",0.577806549673881
"782","NP","EPI_ISL_19689743","H5N1","Avian",0.577806549673881
"783","NP","EPI_ISL_19755952","H8N4","Avian",0.577801841373658
"784","NP","EPI_ISL_19645087","H5N1","Avian",0.577786486786872
"785","NP","EPI_ISL_19636652","H5N1","Avian",0.577764482427897
"786","NP","EPI_ISL_19548771","H5N1","Avian",0.577731789585513
"787","NP","EPI_ISL_19531293","H5N1","Zoonotic",0.577706686202926
"788","NP","EPI_ISL_20055064","H5N1","Avian",0.577698626131033
"789","NP","EPI_ISL_19590704","H5N1","Zoonotic",0.577552822084336
"790","NP","EPI_ISL_19263923","H5N1","Zoonotic",0.576399790509209
"791","NP","EPI_ISL_20309517","H1N1","Avian",0.576346662904704
"792","NP","EPI_ISL_19027114","H5N1","Zoonotic",0.576343100773311
"793","NP","EPI_ISL_20309516","H1N1","Avian",0.576343100773311
"794","NP","EPI_ISL_19713520","H12N3","Avian",0.576257121770871
"795","NP","EPI_ISL_20059245","H5N1","Zoonotic",0.575041333708609
"796","NP","EPI_ISL_18338443","H10N4","Avian",0.57486428810927
"797","NP","EPI_ISL_20371768","H4N6","Avian",0.574803536268065
"798","NP","EPI_ISL_20369940","H5N1","Avian",0.572731383499795
"799","NP","EPI_ISL_18665501","H11N2","Avian",0.568587225985549
"800","NP","EPI_ISL_18898049","H2N2","Avian",0.564320385971492
"801","NP","EPI_ISL_18698719","H5N1","Avian",0.562399138889888
"802","NP","EPI_ISL_19640566","H4N2","Avian",0.559300435401216
"803","NP","EPI_ISL_19616453","H5N1","Zoonotic",0.554268254547398
"804","NP","EPI_ISL_19678952","H5N9","Avian",0.554081991938248
"805","NP","EPI_ISL_19736934","H5N1","Avian",0.554009282693415
"806","NP","EPI_ISL_20371832","H9N8","Avian",0.553031828896481
"807","NP","EPI_ISL_158547","H11N3","Avian",0.552668407831773
"808","NP","EPI_ISL_19070558","H4N6","Avian",0.55263609613533
"809","NP","EPI_ISL_19154497","H5N1","Avian",0.55241374116629
"810","NP","EPI_ISL_19776304","H5N1","Avian",0.551182872604219
"811","NP","EPI_ISL_18665593","H5N1","Avian",0.550758543490231
"812","NP","EPI_ISL_18760073","H5N1","Avian",0.550550129269679
"813","NP","EPI_ISL_501736","H5N2","Avian",0.550474499552245
"814","NP","EPI_ISL_18869372","H10N7","Avian",0.549401473690421
"815","NP","EPI_ISL_158544","H3N6","Avian",0.549053989389812
"816","NP","EPI_ISL_20369892","H5N1","Avian",0.548959146049063
"817","NP","EPI_ISL_243734","H2N3","Avian",0.548931804040061
"818","NP","EPI_ISL_19640574","H3N2","Avian",0.543889020708351
"819","NP","EPI_ISL_506006","H12N5","Avian",0.542310994270713
"820","NP","EPI_ISL_19825737","H5N1","Avian",0.540086482746701
"821","NP","EPI_ISL_20083260","H6N2","Avian",0.53998174355902
"822","NP","EPI_ISL_18132352","H5N1","Avian",0.53857683597434
"823","NP","EPI_ISL_19818738","H3N2","Avian",0.535893684070271
"824","NP","EPI_ISL_19743111","H5N1","Avian",0.535613434853435
"825","NP","EPI_ISL_19882466","H5N1","Avian",0.535613434853435
"826","NP","EPI_ISL_20371733","H5N3","Avian",0.528926857904086
"827","NP","EPI_ISL_19713497","H4N6","Avian",0.528813203307521
"828","NP","EPI_ISL_19137653","H5N1","Avian",0.528101454966716
"829","NP","EPI_ISL_18749451","H5N1","Avian",0.528013786560235
"830","NP","EPI_ISL_4061228","H7N3","Avian",0.528002430524541
"831","NP","EPI_ISL_20371725","H5N1","Avian",0.527563808586348
"832","NP","EPI_ISL_19391463","H5N1","Zoonotic",0.526715273396387
"833","NP","EPI_ISL_181053","H11N9","Avian",0.526671625282261
"834","NP","EPI_ISL_19594060","H5N1","Avian",0.526651988070046
"835","NP","EPI_ISL_18698505","H5N1","Avian",0.526619114402247
"836","NP","EPI_ISL_18698732","H5N1","Avian",0.526619114402247
"837","NP","EPI_ISL_18698502","H5N1","Avian",0.526619114402247
"838","NP","EPI_ISL_18760068","H5N1","Avian",0.526619114402247
"839","NP","EPI_ISL_17885878","H5N1","Avian",0.526619114402247
"840","NP","EPI_ISL_18698487","H5N1","Avian",0.526618249679037
"841","NP","EPI_ISL_4061180","H7N3","Avian",0.526616761999179
"842","NP","EPI_ISL_158463","H4N2","Avian",0.526613092892118
"843","NP","EPI_ISL_254754","H7N3","Avian",0.526571815989958
"844","NP","EPI_ISL_20309917","H2N1","Avian",0.526569524988946
"845","NP","EPI_ISL_17526122","H5N1","Avian",0.526553421301388
"846","NP","EPI_ISL_4061168","H7N9","Avian",0.526553421301388
"847","NP","EPI_ISL_20311700","H4N6","Avian",0.526553421301388
"848","NP","EPI_ISL_372317","H6N5","Avian",0.526553421301388
"849","NP","EPI_ISL_502620","H6N5","Avian",0.526553421301388
"850","NP","EPI_ISL_279278","H10N5","Avian",0.526553421301388
"851","NP","EPI_ISL_20309504","H3N8","Avian",0.526553421301388
"852","NP","EPI_ISL_379033","H12N3","Avian",0.526553421301388
"853","NP","EPI_ISL_18698513","H5N1","Avian",0.52654667762341
"854","NP","EPI_ISL_18698522","H5N1","Avian",0.52654667762341
"855","NP","EPI_ISL_20265715","H11N2","Avian",0.526525303029576
"856","NP","EPI_ISL_506168","H4N6","Avian",0.526511476696443
"857","NP","EPI_ISL_20265574","H4N6","Avian",0.525895277401975
"858","NP","EPI_ISL_20371777","H4N6","Avian",0.525601405074276
"859","NP","EPI_ISL_20176412","H4N6","Avian",0.525482354779696
"860","NP","EPI_ISL_20176457","H2N6","Avian",0.525432772685058
"861","NP","EPI_ISL_20371987","H3N2","Avian",0.525421772551732
"862","NP","EPI_ISL_20265618","H3N6","Avian",0.525354614767013
"863","NP","EPI_ISL_20176589","H4N6","Avian",0.525351144676273
"864","NP","EPI_ISL_20371485","H6N2","Avian",0.525341006720555
"865","NP","EPI_ISL_20371998","H3N8","Avian",0.525257782557773
"866","NP","EPI_ISL_20176621","H11N7","Avian",0.525255292985332
"867","NP","EPI_ISL_20371750","H11N2","Avian",0.525216266907202
"868","NP","EPI_ISL_20311701","H3N8","Avian",0.525186750623893
"869","NP","EPI_ISL_20371896","H2N1","Avian",0.525182624872838
"870","NP","EPI_ISL_125794","H6N4","Avian",0.525164096225474
"871","NP","EPI_ISL_19847396","H6N2","Avian",0.525157124308636
"872","NP","EPI_ISL_19705480","H5N2","Avian",0.525152840401085
"873","NP","EPI_ISL_20329798","H11N9","Avian",0.525131121959328
"874","NP","EPI_ISL_19847401","H9N1","Avian",0.525125094306468
"875","NP","EPI_ISL_19387818","H6N8","Avian",0.525121609152571
"876","NP","EPI_ISL_16920548","H11N2","Avian",0.525117699828508
"877","NP","EPI_ISL_19325216","H6N2","Avian",0.525113653442905
"878","NP","EPI_ISL_19325209","H11N9","Avian",0.525113653442905
"879","NP","EPI_ISL_18898173","H2N2","Avian",0.525113653442905
"880","NP","EPI_ISL_133617","H2N3","Avian",0.525113653442905
"881","NP","EPI_ISL_189498","H5N1","Avian",0.525113653442905
"882","NP","EPI_ISL_17051437","H12N5","Avian",0.525113653442905
"883","NP","EPI_ISL_19873158","H5N1","Zoonotic",0.525113653442905
"884","NP","EPI_ISL_4061155","H7N3","Avian",0.525113653442905
"885","NP","EPI_ISL_4057150","H7N3","Avian",0.525113653442905
"886","NP","EPI_ISL_14767320","H6N5","Avian",0.525113653442905
"887","NP","EPI_ISL_141811","H8N4","Avian",0.525113653442905
"888","NP","EPI_ISL_158461","H3N2","Avian",0.525113653442905
"889","NP","EPI_ISL_20099377","H5N2","Avian",0.525113653442905
"890","NP","EPI_ISL_20099350","H5N2","Avian",0.525113653442905
"891","NP","EPI_ISL_19224065","H4N2","Avian",0.525113653442905
"892","NP","EPI_ISL_19712938","H6N8","Avian",0.525113653442905
"893","NP","EPI_ISL_219936","H4N6","Avian",0.525113653442905
"894","NP","EPI_ISL_135127","H1N1","Avian",0.525113653442905
"895","NP","EPI_ISL_4058046","H7N3","Avian",0.525113653442905
"896","NP","EPI_ISL_19429941","H9N3","Avian",0.525113653442905
"897","NP","EPI_ISL_20309916","H2N1","Avian",0.525113653442905
"898","NP","EPI_ISL_17051469","H12N5","Avian",0.525113653442905
"899","NP","EPI_ISL_20327359","H10N2","Avian",0.525113653442905
"900","NP","EPI_ISL_14767444","H6N5","Avian",0.525113653442905
"901","NP","EPI_ISL_20319523","H5N1","Avian",0.525113653442905
"902","NP","EPI_ISL_19655422","H5N1","Avian",0.525113653442905
"903","NP","EPI_ISL_20265695","H2N1","Avian",0.525113653442905
"904","NP","EPI_ISL_4061224","H7N3","Avian",0.525113653442905
"905","NP","EPI_ISL_4057683","H7N3","Avian",0.525113653442905
"906","NP","EPI_ISL_20176341","H12N5","Avian",0.525113314000042
"907","NP","EPI_ISL_397840","H5N3","Avian",0.525107482805829
"908","NP","EPI_ISL_19744925","H5N9","Avian",0.525104980279996
"909","NP","EPI_ISL_376300","H1N5","Avian",0.525077123681666
"910","NP","EPI_ISL_20099294","H11N2","Avian",0.525069506334808
"911","NP","EPI_ISL_20372177","H4N6","Avian",0.525068270404776
"912","NP","EPI_ISL_20372174","H7N3","Avian",0.525068270404776
"913","NP","EPI_ISL_20176391","H4N6","Avian",0.525068270404776
"914","NP","EPI_ISL_258514","H7N3","Avian",0.525063229018364
"915","NP","EPI_ISL_20311747","H4N6","Avian",0.525059777682937
"916","NP","EPI_ISL_19809060","H5N1","Avian",0.525059777682937
"917","NP","EPI_ISL_189541","H11N9","Avian",0.525059777682937
"918","NP","EPI_ISL_19387819","H6N8","Avian",0.525059777682937
"919","NP","EPI_ISL_189480","H11N9","Avian",0.525059777682937
"920","NP","EPI_ISL_19776118","H5N1","Avian",0.525059777682937
"921","NP","EPI_ISL_20176395","H4N6","Avian",0.525059777682937
"922","NP","EPI_ISL_20176598","H5N6","Avian",0.525059777682937
"923","NP","EPI_ISL_20310091","H4N6","Avian",0.525059777682937
"924","NP","EPI_ISL_19559124","H2N9","Avian",0.525059152602266
"925","NP","EPI_ISL_19404916","H5N1","Avian",0.525043335261237
"926","NP","EPI_ISL_158505","H6N2","Avian",0.525042136256594
"927","NP","EPI_ISL_20309992","H5N9","Avian",0.525037545762201
"928","NP","EPI_ISL_20371788","H3N8","Avian",0.525015908652706
"929","NP","EPI_ISL_20372046","H4N8","Avian",0.525003503354942
"930","NP","EPI_ISL_20176473","H2N9","Avian",0.524984501616166
"931","NP","EPI_ISL_20176390","H2N3","Avian",0.523740386476405
"932","NP","EPI_ISL_20176603","H2N3","Avian",0.523740386476405
"933","NP","EPI_ISL_20329823","H3N8","Avian",0.523669635127372
"934","NP","EPI_ISL_19660935","H11N3","Avian",0.523646881821383
"935","NP","EPI_ISL_14767424","H3N8","Avian",0.523627587918821
"936","NP","EPI_ISL_258528","H4N8","Avian",0.523611568226305
"937","NP","EPI_ISL_4061069","H7N3","Avian",0.523610712884591
"938","NP","EPI_ISL_18898068","H2N2","Avian",0.52360465968921
"939","NP","EPI_ISL_19660936","H9N2","Avian",0.523567038430234
"940","NP","EPI_ISL_19776234","H5N1","Avian",0.523563773251063
"941","NP","EPI_ISL_20371765","H4N6","Avian",0.523546994002182
"942","NP","EPI_ISL_20265606","H2N8","Avian",0.522258670769022
"943","NP","EPI_ISL_20176353","H12N5","Avian",0.522068176795657
"944","NP","EPI_ISL_20309424","H5N3","Avian",0.516705833822289
"945","NP","EPI_ISL_20371890","H11N2","Avian",0.5132125944439
"946","NP","EPI_ISL_254724","H7N9","Avian",0.513170773117901
"947","NP","EPI_ISL_19594058","H5N1","Avian",0.513159055989181
"948","NP","EPI_ISL_4072265","H3N8","Avian",0.513140271251872
"949","NP","EPI_ISL_261437","H8N4","Avian",0.513136010289556
"950","NP","EPI_ISL_158593","H7N7","Avian",0.513133282167465
"951","NP","EPI_ISL_20329820","H3N8","Avian",0.51309301270082
"952","NP","EPI_ISL_20327305","H1N1","Avian",0.513092631449141
"953","NP","EPI_ISL_20311323","H11N2","Avian",0.511698724451146
"954","NP","EPI_ISL_20322079","H5N2","Avian",0.509675736439641
"955","NP","EPI_ISL_20132664","H6N6","Avian",0.501430357516641
"956","NP","EPI_ISL_20371847","H3N6","Avian",0.501364649690489
"957","NP","EPI_ISL_20372060","H9N1","Avian",0.501181762538792
"958","NP","EPI_ISL_20265621","H9N8","Avian",0.501174602577195
"959","NP","EPI_ISL_125798","H4N3","Avian",0.501075483807208
"960","NP","EPI_ISL_501708","H3N8","Avian",0.501060947295856
"961","NP","EPI_ISL_20327381","H1N1","Avian",0.501059773003281
"962","NP","EPI_ISL_20265507","H12N5","Avian",0.501059418251912
"963","NP","EPI_ISL_20328902","H5N3","Avian",0.50105898427442
"964","NP","EPI_ISL_20309848","H6N4","Avian",0.501052595897869
"965","NP","EPI_ISL_158549","H10N3","Avian",0.501052595897869
"966","NP","EPI_ISL_20257534","H12N5","Avian",0.501052595897869
"967","NP","EPI_ISL_20309524","H12N5","Avian",0.501052595897869
"968","NP","EPI_ISL_20309455","H4N6","Avian",0.501052595897869
"969","NP","EPI_ISL_20309523","H12N5","Avian",0.501052595897869
"970","NP","EPI_ISL_20310092","H4N6","Avian",0.501052595897869
"971","NP","EPI_ISL_20371729","H3N6","Avian",0.501025674975719
"972","NP","EPI_ISL_19847400","H1N1","Avian",0.500972523408724
"973","NP","EPI_ISL_20176674","H6N8","Avian",0.499868753571716
"974","NP","EPI_ISL_20371722","H3N3","Avian",0.499825237502529
"975","NP","EPI_ISL_20371956","H12N8","Avian",0.499807600578586
"976","NP","EPI_ISL_4061061","H7N3","Avian",0.49958392987754
"977","NP","EPI_ISL_20371730","H5N3","Avian",0.499574111828067
"978","NP","EPI_ISL_20371951","H3N8","Avian",0.499557363209627
"979","NP","EPI_ISL_20309522","H12N5","Avian",0.49955068677709
"980","NP","EPI_ISL_326970","H11N9","Avian",0.497526517451056
"981","NP","EPI_ISL_19313609","H5N1","Avian",0.494909505778467
"982","NP","EPI_ISL_20309414","H5N3","Avian",0.489030234896707
"983","NP","EPI_ISL_20311382","H12N5","Avian",0.489030234896707
"984","NP","EPI_ISL_20309520","H12N5","Avian",0.489030234896707
"985","NP","EPI_ISL_20309496","H3N8","Avian",0.489030234896707
"986","NP","EPI_ISL_4061063","H5N3","Avian",0.487508211447734
"987","NP","EPI_ISL_19215175","H5N1","Avian",0.454502991797971
"988","NP","A/American_green-winged_teal/Ohio/13OS1864/2013K","H4N8","Avian",0.4097259674917
"989","NP","A/American_green-winged_teal/Texas/AH0057366/2016K","H7N2","Avian",0.4097259674917
"990","NP","A/Dunlin/Delaware_Bay/411/2020M","H7N9","Avian",0.4097259674917
"991","NP","A/Blue-winged_Teal/Ohio/18OS1695/2018M","H14N5","Avian",0.4097259674917
"992","NP","A/Blue-winged_Teal/Texas/AH0040397S/2015M","H4N6","Avian",0.4097259674917
"993","NP","A/Blue-winged_Teal/Texas/AH0041113S/2015M","H3N8","Avian",0.4097259674917
"994","NP","A/cinnamon_teal/Utah/UGAI16-1985/2016C","H4N8","Avian",0.4097259674917
"995","NP","A/American_green-winged_teal/Colorado/AH0026688/2015K","H7N3","Avian",0.4097259674917
"996","NP","A/blue-winged_teal/Louisiana/UGAI18-1820/2018M","H4N6","Avian",0.4097259674917
"997","NP","A/gadwall/Utah/UGAI16-1981/2016C","H4N6","Avian",0.4097259674917
"998","NP","A/Mallard/California/D1713638/2017M","H12N5","Avian",0.4097259674917
"999","NP","A/Mallard/Maine/AH0063771S/2015M","H11N1","Avian",0.4097259674917
"1000","NP","A/Mallard/Missouri/18OS2459/2018M","H10N7","Avian",0.4097259674917
"1001","NP","A/Mallard/North_Carolina/AH0114261S/2017M","H4N8","Avian",0.4097259674917
"1002","NP","A/Mallard/Ohio/17OS1744/2017M","H3N8","Avian",0.4097259674917
"1003","NP","A/blue_winged-teal/Wisconsin/12OS4239/2012C","H3N2","Avian",0.4097259674917
"1004","NP","A/mallard/Minnesota/MN18-WB2-194A/2018M","H4N6","Avian",0.4097259674917
"1005","NP","A/mallard/Oregon/AH0192878/2021O","H4N6","Avian",0.4097259674917
"1006","NP","A/Northern_Pintail/Alaska/19TL00068/2019M","H8N4","Avian",0.4097259674917
"1007","NP","A/green-winged_teal/Alaska/AK19-068E-T1/2019M","H6N1","Avian",0.4097259674917
"1008","NP","A/northern_pintail/Alaska/UGAI17-4733/2017M","H6N5","Avian",0.4097259674917
"1009","NP","A/American_green-winged_teal/Wisconsin/17OS3907/2017M","H4N2","Avian",0.4097259674917
"1010","NP","A/American_widgeon/Mississippi/11OS6097/2011C","H5N3","Avian",0.4097259674917
"1011","NP","A/American_wigeon/Ohio/16OS3665/2016M","H3N8","Avian",0.4097259674917
"1012","NP","A/American_wigeon/Utah/15-038912-1/2015M","H5N2","Avian",0.4097259674917
"1013","NP","A/blue-winged_teal/Missouri/17OS3195/2017M","H4N6","Avian",0.4097259674917
"1014","NP","A/mallard/Illinois/12OS4808/2012C","H4N8","Avian",0.4097259674917
"1015","NP","A/American_green-winged_teal/Indiana/AH0029607/2015K","H7N3","Avian",0.4097259674917
"1016","NP","A/American_green-winged_teal/Missouri/14OS3302/2014K","H11N9","Avian",0.4097259674917
"1017","NP","A/Common_Goldeneye/Wisconsin/18OS2943/2018M","H10N7","Avian",0.4097259674917
"1018","NP","A/Mallard/Alberta/543/2022O","H7N3","Avian",0.4097259674917
"1019","NP","A/black_scoter/Maryland/15OS2527/2015M","H4N8","Avian",0.4097259674917
"1020","NP","A/mallard/California/2396/2010C","H5N2","Avian",0.4097259674917
"1021","NP","A/mallard/Interior_Alaska/9BM11023R0/2009C","H8N4","Avian",0.4097259674917
"1022","NP","A/mallard_duck/California/UCD558/2016K","H3N8","Avian",0.4097259674917
"1023","NP","A/ruddy_turnstone/Delaware_Bay/144/2020M","H7N3","Avian",0.4097259674917
"1024","NP","A/Red-Necked_Stint/Delaware_Bay/428/2020M","H7N6","Avian",0.4097259674917
"1025","NP","A/Red_Knot/Delaware/140/2019M","H9N5","Avian",0.4097259674917
"1026","NP","A/Ruddy_Turnstone/Delaware_Bay/446/2020M","H7N3","Avian",0.4097259674917
"1027","NP","A/ruddy_turnstone/Delaware_Bay/322/2020M","H4N9","Avian",0.4097259674917
"1028","NP","A/American_Green-winged_Teal/North_Dakota/AH0003568S/2015M","H3N8","Avian",0.4097259674917
"1029","NP","A/American_Green-winged_Teal/Ohio/17OS2916/2017M","H3N8","Avian",0.4097259674917
"1030","NP","A/American_Green-winged_Teal/Texas/AH0071375S/2015M","H6N6","Avian",0.4097259674917
"1031","NP","A/American_black_duck/Delaware/A00870108/2010K","H7N3","Avian",0.4097259674917
"1032","NP","A/American_black_duck/Maine/UGAI15-7694/2015M","H3N2","Avian",0.4097259674917
"1033","NP","A/mallard/Maine/UGAI15-7667/2015M","H3N8","Avian",0.4097259674917
"1034","NP","A/mallard/New_York/AH0179374/2021O","H4N6","Avian",0.4097259674917
"1035","NP","A/ruddy_turnstone/Delaware_Bay/221/2020M","H7N3","Avian",0.4097259674917
"1036","NP","A/blue-winged_teal/Guatemala/CIP049H105-05/2011K","H5N3","Avian",0.4097259674917
"1037","NP","A/blue-winged_teal/Guatemala/CIP049H109-14/2012K","H3N3","Avian",0.4097259674917
"1038","HA","EPI_ISL_64276","H5N1","Zoonotic",0.873065842470178
"1039","HA","EPI_ISL_5729","H5N1","Zoonotic",0.0392713526627295
"1040","HA","A/Beijing/01/2003E","H5N1","Zoonotic",0.0389309265666847
"1041","HA","EPI_ISL_964","H5N1","Zoonotic",0.0389299120095274
"1042","HA","A/Cambodia/S1211394/2008H","H5N1","Zoonotic",0.0388015388876944
"1043","HA","A/Hong_Kong/481/97A","H5N1","Zoonotic",0.0387674705659539
"1044","HA","A/Egypt/2256-NAMRU3/2007E","H5N1","Zoonotic",0.0387274233757858
"1045","HA","A/Vietnam/UT36250-1/2010K","H5N1","Zoonotic",0.0387199981766203
"1046","HA","A/Egypt/1604-NAMRU3/2007E","H5N1","Zoonotic",0.0387103291967138
"1047","HA","EPI_ISL_20349076","H5N1","Avian",0.0387048861912086
"1048","HA","A/chicken/India/WB-NIV16924/2009G","H5N1","Avian",0.0387030448588088
"1049","HA","EPI_ISL_31739","H5N1","Zoonotic",0.0387030130339874
"1050","HA","A/chicken/Jiangsu/WJ/2009K","H5N1","Avian",0.0387011337681749
"1051","HA","A/chicken/Danyang/1105/2011K","H5N1","Avian",0.0387002306484139
"1052","HA","A/goose/Guangdong/k0103/2010J","H5N5","Avian",0.03869990289203
"1053","HA","A/Guangxi/1/2009C","H5N1","Zoonotic",0.0386995724961985
"1054","HA","A/chicken/India/WB-NIV16915/2008G","H5N1","Avian",0.0386994942536411
"1055","HA","A/chicken/Zhaozhuang/ZG13/2010K","H5N1","Avian",0.0386993969046172
"1056","HA","A/CHICKEN/Hunan/176/2010M","H5N1","Avian",0.0386991527252685
"1057","HA","EPI_ISL_98854","H5N1","Zoonotic",0.0386984230509263
"1058","HA","A/Bangladesh/3233/2011C","H5N1","Zoonotic",0.0386983980361223
"1059","HA","A/Pekin_duck/Singapore/F59/04/98D","H5N2","Avian",0.0386982138884919
"1060","HA","EPI_ISL_180659","H5N1","Avian",0.0386981847041425
"1061","HA","A/turkey/England/50-92/1991","H5N1","Avian",0.0386981747130217
"1062","HA","A/chicken/Egypt/13639V/2013K","H5N1","Avian",0.0386981532282924
"1063","HA","A/Egypt/N01754/2014K","H5N1","Zoonotic",0.0386981222229564
"1064","HA","EPI_ISL_62737","H5N1","Avian",0.0386980943503719
"1065","HA","EPI_ISL_206568","H5N6","Zoonotic",0.03869803096512
"1066","HA","EPI_ISL_337274","H5N6","Zoonotic",0.0386979848202754
"1067","HA","A/Egypt/MOH-NRC-7271/2014K","H5N1","Zoonotic",0.0386979824303331
"1068","HA","EPI_ISL_3915","H5N3","Avian",0.0386979644514864
"1069","HA","EPI_ISL_698013","H5N6","Avian",0.0386979626395272
"1070","HA","A/Muscovy_duck/France/070090b/2007C","H5N3","Avian",0.0386979602141612
"1071","HA","A/chicken/Egypt/141VI/2014K","H5N1","Avian",0.0386979546071247
"1072","HA","A/quail/Bangladesh/22121/2014K","H5N1","Avian",0.0386979525358544
"1073","HA","EPI_ISL_19132453","H5N6","Zoonotic",0.0386979509572182
"1074","HA","EPI_ISL_891209","H5N1","Zoonotic",0.0386979484520295
"1075","HA","A/turkey/Italy/1258/2005C","H5N2","Avian",0.0386979480961098
"1076","HA","EPI_ISL_257015","H5N1","Avian",0.0386979478456554
"1077","HA","A/Domestic_duck/Viet_Nam/A_duck_Vietnam_HU12-1473_2019/2019M","H5N6","Avian",0.038697946448602
"1078","HA","A/Duck/Dongting/D76-1/2016M","H5N7","Avian",0.0386979459516729
"1079","HA","A/mallard/Sweden/21/2002A","H5N2","Avian",0.0386979452862929
"1080","HA","EPI_ISL_295146","H5N2","Avian",0.0386979449550725
"1081","HA","A/chicken/China/E93/2012M","H5N1","Avian",0.0386979441269988
"1082","HA","EPI_ISL_281682","H5N1","Zoonotic",0.0386979437256855
"1083","HA","EPI_ISL_175618","H5N2","Avian",0.0386979436135999
"1084","HA","EPI_ISL_309813","H5N3","Avian",0.0386979435007967
"1085","HA","A/chicken/Hebei/1102-MA/2010K","H5N2","Avian",0.0386979434202211
"1086","HA","EPI_ISL_195731","H5N1","Zoonotic",0.0386979433600091
"1087","HA","EPI_ISL_316551","H5N8","Avian",0.0386979430428624
"1088","HA","A/duck/Malaysia/F118-08-04/2004D","H5N2","Avian",0.0386979429855472
"1089","HA","A/ruddy_turnstone/Iceland/2899/2013K","H5N1","Avian",0.0386979428607389
"1090","HA","A/Nanjing/1/2015M","H5N1","Zoonotic",0.0386979428523936
"1091","HA","EPI_ISL_19215503","H5N1","Avian",0.0386979428187948
"1092","HA","EPI_ISL_18513214","H5N1","Avian",0.038697942706689
"1093","HA","A/mallard/Bavaria/1/2007F","H5N2","Avian",0.0386979425652192
"1094","HA","A/chicken/India/04CA01/2015K","H5N1","Avian",0.0386979424518247
"1095","HA","EPI_ISL_234322","H5N2","Avian",0.038697942386217
"1096","HA","EPI_ISL_294758","H5N1","Avian",0.0386979423831602
"1097","HA","EPI_ISL_18900470","H5N3","Avian",0.0386979423074517
"1098","HA","EPI_ISL_163493","H5N6","Zoonotic",0.0386979422813998
"1099","HA","EPI_ISL_19190432","H5N1","Avian",0.0386979422584224
"1100","HA","EPI_ISL_7987337","H5N1","Avian",0.0386979422020384
"1101","HA","EPI_ISL_221352","H5N1","Avian",0.0386979421462221
"1102","HA","EPI_ISL_176754","H5N1","Avian",0.0386979421404501
"1103","HA","A/ostrich/South_Africa/AI1160/2006E","H5N2","Avian",0.0386979421175542
"1104","HA","EPI_ISL_8930","H5N3","Avian",0.0386979421105242
"1105","HA","EPI_ISL_18939129","H5N1","Zoonotic",0.0386979420993916
"1106","HA","EPI_ISL_145816","H5N1","Avian",0.0386979420062002
"1107","HA","EPI_ISL_205833","H5N1","Avian",0.0386979420030711
"1108","HA","A/chicken/Wuhan/WHJF/2014K","H5N2","Avian",0.0386979419729601
"1109","HA","EPI_ISL_19875512","H5N1","Zoonotic",0.0386979419477302
"1110","HA","EPI_ISL_337525","H5N1","Avian",0.0386979419349964
"1111","HA","EPI_ISL_17767305","H5N1","Avian",0.0386979419300583
"1112","HA","A/Guinea_Fowl/Landes/129/2015M","H5N9","Avian",0.0386979419245187
"1113","HA","A/ostrich/South_Africa/AI2114/2011J","H5N2","Avian",0.0386979419146423
"1114","HA","A/duck/South_Africa/811/2004E","H5N1","Avian",0.0386979419119677
"1115","HA","EPI_ISL_20196370","H5N1","Avian",0.0386979419094238
"1116","HA","A/Anas_Platyrhynchos/Belgium/10811_6/2019M","H5N6","Avian",0.0386979419092115
"1117","HA","EPI_ISL_17712472","H5N1","Avian",0.0386979419065452
"1118","HA","A/duck/Ireland/113/1983","H5N8","Avian",0.038697941904083
"1119","HA","EPI_ISL_368791","H5N1","Avian",0.038697941901824
"1120","HA","A/duck/Hong_Kong/205/1977C","H5N3","Avian",0.0386979418986865
"1121","HA","EPI_ISL_294770","H5N3","Avian",0.0386979418949295
"1122","HA","A/duck/Potsdam/2216-4/1984C","H5N6","Avian",0.0386979418905588
"1123","HA","EPI_ISL_19801702","H5N1","Avian",0.0386979418876782
"1124","HA","A/tern/South_Africa/1961","H5N3","Avian",0.0386979418850033
"1125","HA","EPI_ISL_12853041","H5N2","Avian",0.0386979418832618
"1126","HA","EPI_ISL_20270134","H5N3","Avian",0.0386979418815853
"1127","HA","A/turkey/England/N28/1973A","H5N2","Avian",0.0386979418815023
"1128","HA","A/chicken/Scotland/1959C","H5N1","Avian",0.0386979418814656
"1129","HA","A/wild_duck/Victoria/14-0961-1/2014O","H5N9","Avian",0.0386979418814344
"1130","HA","EPI_ISL_20210139","H5N1","Avian",0.0386979418814343
"1131","HA","EPI_ISL_20212227","H5N1","Avian",0.0386979418814343
"1132","HA","EPI_ISL_17777526","H5N1","Avian",0.0386979418814343
"1133","HA","A/duck/Taiwan/11213/2013K","H5N2","Avian",0.0386979418814343
"1134","HA","EPI_ISL_20049098","H5N1","Avian",0.0386979418814343
"1135","HA","EPI_ISL_18258047","H5N1","Avian",0.0386979418814336
"1136","HA","EPI_ISL_69953","H5N3","Avian",0.0386979418814334
"1137","HA","EPI_ISL_84881","H5N2","Avian",0.0386979418814328
"1138","HA","EPI_ISL_19737170","H5N1","Avian",0.0386979418806358
"1139","HA","A/duck/Yunlin/15010538/2015M","H5N8","Avian",0.0386979418805605
"1140","HA","EPI_ISL_18245744","H5N1","Avian",0.0386979418763305
"1141","HA","EPI_ISL_20212272","H5N1","Avian",0.0386979418302636
"1142","HA","A/duck/Pingtung/17A0160/2017M","H5N2","Avian",0.0386979418151672
"1143","HA","EPI_ISL_19832559","H5N1","Avian",0.0386979418002636
"1144","HA","EPI_ISL_19808941","H5N1","Avian",0.0386979416131649
"1145","HA","EPI_ISL_18265433","H5N1","Avian",0.0386979406743987
"1146","HA","A/peregrine_falcon/Hokkaido/4801Z001/2021M","H5N8","Avian",0.0386979406696011
"1147","HA","EPI_ISL_20212288","H5N1","Avian",0.0386979365892551
"1148","HA","EPI_ISL_16249274","H5N1","Avian",0.0386979339576005
"1149","HA","EPI_ISL_18033422","H5N1","Avian",0.0386979270766469
"1150","HA","EPI_ISL_17973458","H5N1","Avian",0.0386978885065853
"1151","HA","EPI_ISL_19010147","H5N8","Avian",0.0386978856158051
"1152","HA","EPI_ISL_19832563","H5N1","Avian",0.0386978531906825
"1153","HA","EPI_ISL_18137671","H5N1","Avian",0.0386978247390568
"1154","HA","EPI_ISL_19521543","H5N5","Avian",0.0386977979727832
"1155","HA","EPI_ISL_20212136","H5N1","Avian",0.0386977947403347
"1156","HA","EPI_ISL_19779781","H5N1","Avian",0.0386977751773777
"1157","HA","EPI_ISL_19809141","H5N1","Avian",0.0386977521873487
"1158","HA","EPI_ISL_18538407","H5N1","Avian",0.0386976101101599
"1159","HA","EPI_ISL_19521526","H5N5","Avian",0.0386975534961361
"1160","HA","EPI_ISL_18115434","H5N1","Avian",0.038696941163059
"1161","HA","EPI_ISL_413010","H5N8","Avian",0.0386968998283448
"1162","HA","EPI_ISL_18991999","H5N1","Avian",0.0386955424648949
"1163","HA","EPI_ISL_19754033","H5N1","Avian",0.0386953332009091
"1164","HA","EPI_ISL_19590701","H5N1","Zoonotic",0.0386953140538097
"1165","HA","EPI_ISL_18901607","H5N5","Avian",0.0386942380054769
"1166","HA","EPI_ISL_18265437","H5N1","Avian",0.0386938771853497
"1167","HA","EPI_ISL_20182799","H5N1","Avian",0.0386927305547528
"1168","HA","EPI_ISL_18665531","H5N1","Avian",0.0386926105602318
"1169","HA","EPI_ISL_19896351","H5N1","Avian",0.0386902397386458
"1170","HA","EPI_ISL_19712969","H5N1","Avian",0.0386873303626472
"1171","HA","EPI_ISL_20182800","H5N1","Avian",0.0386823004932159
"1172","HA","EPI_ISL_19215509","H5N1","Avian",0.03864147187042
"1173","HA","EPI_ISL_18665519","H5N1","Avian",0.0386305103743328
"1174","HA","EPI_ISL_19883107","H5N1","Avian",0.0386116474896189
"1175","HA","EPI_ISL_19155006","H5N1","Avian",0.0384594762784769
"1176","HA","EPI_ISL_19590708","H5N1","Zoonotic",0.0384522269624308
"1177","HA","EPI_ISL_19154495","H5N1","Avian",0.0384404114494432
"1178","HA","EPI_ISL_18665565","H5N1","Avian",0.0384079410333632
"1179","HA","EPI_ISL_18665480","H5N1","Avian",0.0381224606577529
"1180","HA","EPI_ISL_19155020","H5N1","Avian",0.037918150713306
"1181","HA","EPI_ISL_18665568","H5N1","Avian",0.0376192313829631
"1182","HA","EPI_ISL_19154644","H5N1","Avian",0.034650529190042
"1183","PB2","EPI_ISL_1488","H9N2","Avian",0.498094471906618
"1184","PB2","EPI_ISL_201792","H5N2","Avian",0.477124605134668
"1185","PB2","EPI_ISL_10656749","H5N1","Zoonotic",0.460110262741221
"1186","PB2","EPI_ISL_135216","H5N1","Zoonotic",0.452207974941109
"1187","PB2","EPI_ISL_120245","H5N1","Zoonotic",0.424679254635452
"1188","PB2","EPI_ISL_120254","H5N1","Zoonotic",0.419509805652538
"1189","PB2","EPI_ISL_19901458","H7N2","Avian",0.41694055935548
"1190","PB2","EPI_ISL_96133","H1N2","Avian",0.414818552822587
"1191","PB2","EPI_ISL_19859277","H6N2","Avian",0.414114171363183
"1192","PB2","EPI_ISL_120251","H5N1","Zoonotic",0.411996552015313
"1193","PB2","EPI_ISL_400487","H5N6","Avian",0.407228653149262
"1194","PB2","EPI_ISL_13732937","H3N2","Avian",0.400676418101772
"1195","PB2","EPI_ISL_174852","H5N1","Zoonotic",0.399516644178682
"1196","PB2","EPI_ISL_257166","H5N1","Avian",0.397450386380335
"1197","PB2","EPI_ISL_252875","H5N1","Zoonotic",0.392909458162757
"1198","PB2","EPI_ISL_174851","H5N1","Zoonotic",0.392792301254915
"1199","PB2","EPI_ISL_262572","H5N1","Zoonotic",0.392792301254915
"1200","PB2","EPI_ISL_174407","H5N1","Avian",0.392792301254915
"1201","PB2","EPI_ISL_257165","H5N1","Avian",0.392792301254915
"1202","PB2","EPI_ISL_174924","H5N1","Avian",0.392792301254915
"1203","PB2","EPI_ISL_174408","H5N1","Avian",0.392792301254915
"1204","PB2","EPI_ISL_257161","H5N1","Avian",0.392792301254915
"1205","PB2","EPI_ISL_257162","H5N1","Avian",0.392792301254915
"1206","PB2","EPI_ISL_177506","H5N1","Avian",0.392792301254915
"1207","PB2","EPI_ISL_257160","H5N1","Avian",0.392509209549872
"1208","PB2","EPI_ISL_195659","H5N1","Zoonotic",0.39182574533022
"1209","PB2","EPI_ISL_341294","H5N6","Zoonotic",0.390646621007937
"1210","PB2","EPI_ISL_174923","H5N1","Avian",0.390645691144147
"1211","PB2","EPI_ISL_257164","H5N1","Avian",0.390560654742107
"1212","PB2","EPI_ISL_19859512","H3N3","Avian",0.381662635628901
"1213","PB2","EPI_ISL_170254","H5N1","Avian",0.38028745758725
"1214","PB2","EPI_ISL_232490","H5N1","Avian",0.373488571875901
"1215","PB2","EPI_ISL_255747","H5N6","Avian",0.368145684006857
"1216","PB2","EPI_ISL_505520","H9N2","Avian",0.365773173825797
"1217","PB2","EPI_ISL_270334","H5N1","Avian",0.359854676382483
"1218","PB2","EPI_ISL_255884","H5N6","Avian",0.359024999808872
"1219","PB2","EPI_ISL_270312","H5N1","Avian",0.351374440471089
"1220","PB2","EPI_ISL_492106","H9N2","Avian",0.34817096468054
"1221","PB2","EPI_ISL_266797","H5N1","Avian",0.348137825852465
"1222","PB2","EPI_ISL_4558108","H5N6","Zoonotic",0.3438806523605
"1223","PB2","EPI_ISL_387742","H9N2","Avian",0.343623228126945
"1224","PB2","EPI_ISL_198176","H5N1","Avian",0.340961260837875
"1225","PB2","EPI_ISL_1290865","H5N1","Avian",0.330428452720731
"1226","PB2","EPI_ISL_13734229","H3N2","Avian",0.327137211414212
"1227","PB2","EPI_ISL_363569","H5N1","Avian",0.322511437796018
"1228","PB2","EPI_ISL_67747","H5N1","Avian",0.321312279227128
"1229","PB2","EPI_ISL_143275","H6N1","Zoonotic",0.319239288857619
"1230","PB2","EPI_ISL_13732930","H3N2","Avian",0.316584356234664
"1231","PB2","EPI_ISL_98854","H5N1","Zoonotic",0.316084523418438
"1232","PB2","EPI_ISL_134201","H9N2","Avian",0.312354554117688
"1233","PB2","EPI_ISL_255839","H5N6","Avian",0.303196857708531
"1234","PB2","EPI_ISL_208831","H5N8","Avian",0.301865646801169
"1235","PB2","EPI_ISL_314056","H7N9","Zoonotic",0.299820811490421
"1236","PB2","EPI_ISL_198849","H5N6","Avian",0.297980843049085
"1237","PB2","EPI_ISL_133658","H1N2","Avian",0.296911217497746
"1238","PB2","EPI_ISL_369175","H6N1","Avian",0.296370123659533
"1239","PB2","EPI_ISL_14769880","H2N7","Avian",0.285707363303907
"1240","PB2","EPI_ISL_237551","H5N8","Avian",0.285285698601397
"1241","PB2","EPI_ISL_19244041","H4N2","Avian",0.281203966378423
"1242","PB2","A/duck/Guangdong/07/2000A","H5N1","Avian",0.277799395274572
"1243","PB2","EPI_ISL_255850","H5N6","Avian",0.273865093495045
"1244","PB2","EPI_ISL_146766","H5N1","Avian",0.26533257521805
"1245","PB2","EPI_ISL_502392","H5N2","Avian",0.262636822372006
"1246","PB2","EPI_ISL_121190","H5N1","Zoonotic",0.262152723535017
"1247","PB2","EPI_ISL_17069010","H5N1","Zoonotic",0.260038212841299
"1248","PB2","EPI_ISL_198873","H5N6","Avian",0.257487637475912
"1249","PB2","EPI_ISL_18575560","H6N2","Avian",0.25744189777666
"1250","PB2","EPI_ISL_205962","H5N6","Avian",0.252459776276842
"1251","PB2","EPI_ISL_66204","H6N1","Avian",0.250637225382363
"1252","PB2","EPI_ISL_197467","H4N6","Avian",0.247868937923943
"1253","PB2","EPI_ISL_163493","H5N6","Zoonotic",0.240704896534012
"1254","PB2","EPI_ISL_66207","H6N1","Avian",0.240064004200395
"1255","PB2","EPI_ISL_19244023","H1N6","Avian",0.239907285504924
"1256","PB2","EPI_ISL_343391","H5N1","Zoonotic",0.239471032733384
"1257","PB2","EPI_ISL_73302","H5N1","Zoonotic",0.238476666282633
"1258","PB2","EPI_ISL_96885","H5N1","Zoonotic",0.238476666282633
"1259","PB2","EPI_ISL_198911","H5N6","Avian",0.234339338091345
"1260","PB2","EPI_ISL_197450","H4N2","Avian",0.231943014698167
"1261","PB2","EPI_ISL_386927","H5N6","Avian",0.231537389510075
"1262","PB2","EPI_ISL_95810","H5N1","Avian",0.227167678113141
"1263","PB2","EPI_ISL_327751","H9N2","Avian",0.226331634067472
"1264","PB2","EPI_ISL_196571","H5N6","Avian",0.226176538036572
"1265","PB2","EPI_ISL_221823","H10N7","Avian",0.223818813824001
"1266","PB2","EPI_ISL_199122","H5N6","Avian",0.222818132136071
"1267","PB2","EPI_ISL_198987","H5N6","Avian",0.219143529170921
"1268","PB2","EPI_ISL_13734228","H3N2","Avian",0.216379011936489
"1269","PB2","EPI_ISL_16840599","H3N2","Avian",0.212607199047887
"1270","PB2","EPI_ISL_146190","H7N3","Avian",0.212513280890184
"1271","PB2","EPI_ISL_14769889","H8N4","Avian",0.210590482639406
"1272","PB2","EPI_ISL_285844","H11N9","Avian",0.208965953033012
"1273","PB2","EPI_ISL_19365541","H11N3","Avian",0.207540867332832
"1274","PB2","EPI_ISL_224894","H3N2","Avian",0.205792278518103
"1275","PB2","EPI_ISL_13732931","H3N2","Avian",0.200960582773359
"1276","PB2","EPI_ISL_149878","H2N3","Avian",0.195357069360902
"1277","PB2","EPI_ISL_146168","H7N2","Avian",0.188005423346647
"1278","PB2","EPI_ISL_15737436","H10N3","Avian",0.187135320596767
"1279","PB2","EPI_ISL_2825528","H6N2","Avian",0.186826228522124
"1280","PB2","A/Domestic_duck/Viet_Nam/A_duck_Vietnam_HU12-1540_2019/2019M","H5N1","Avian",0.185873753380801
"1281","PB2","A/aquatic_bird/Korea/w209/2007G","H5N3","Avian",0.185873753380801
"1282","PB2","A/chicken/Bangladesh/12VIR-7140-2/2012K","H5N1","Avian",0.185873753380801
"1283","PB2","A/chicken/Guangdong/S2346/2009K","H6N2","Avian",0.185873753380801
"1284","PB2","A/chicken/Guangxi/073C2/2010K","H3N2","Avian",0.185873753380801
"1285","PB2","A/chicken/Guangxi/125C8/2012K","H3N2","Avian",0.185873753380801
"1286","PB2","A/chicken/Guangxi/165C7/2014K","H3N2","Avian",0.185873753380801
"1287","PB2","A/chicken/Guangxi/55/2005E","H9N2","Avian",0.185873753380801
"1288","PB2","A/chicken/Shandong/S2510/2012K","H4N2","Avian",0.185873753380801
"1289","PB2","A/chicken/Shanghai/2/2004K","H9N2","Avian",0.185873753380801
"1290","PB2","A/chicken/Vietnam/NCVD-15A17/2015K","H5N6","Avian",0.185873753380801
"1291","PB2","A/chicken/Vietnam/NCVD14-A461/2014K","H5N1","Avian",0.185873753380801
"1292","PB2","A/duck/China/F1473-2/2016M","H6N2","Avian",0.185873753380801
"1293","PB2","A/duck/China/Influenza_A_virus/2019O","H3N2","Avian",0.185873753380801
"1294","PB2","A/duck/Eastern_China/008/2008G","H5N5","Avian",0.185873753380801
"1295","PB2","A/duck/Eastern_China/1111/2011J","H5N2","Avian",0.185873753380801
"1296","PB2","A/duck/Eastern_China/2/2008J","H6N2","Avian",0.185873753380801
"1297","PB2","A/duck/Vietnam/LBM439/2013L","H6N6","Avian",0.185873753380801
"1298","PB2","A/duck/Vietnam/LBM446/2013A","H3N2","Avian",0.185873753380801
"1299","PB2","A/goose/Zhejiang/112080/2014K","H5N6","Avian",0.185873753380801
"1300","PB2","A/goose/Zhejiang/925105/2014K","H5N6","Avian",0.185873753380801
"1301","PB2","A/red-necked_stint/Australia/2/2004C","H4N8","Avian",0.185873753380801
"1302","PB2","A/wild_duck/Korea/PSC30-20/2010K","H1N1","Avian",0.185873753380801
"1303","PB2","A/wild_duck/Northern_Territory/17-0592-115/2017O","H6N2","Avian",0.185873753380801
"1304","PB2","A/wild_duck/Queensland/P18-03723-8/2018O","H11N9","Avian",0.185873753380801
"1305","PB2","A/wild_duck/Shantou/1737/2000C","H6N8","Avian",0.185873753380801
"1306","PB2","EPI_ISL_7545","H7N3","Avian",0.185873753380801
"1307","PB2","EPI_ISL_20354393","H11N2","Avian",0.185873753380801
"1308","PB2","EPI_ISL_20234200","H3N2","Avian",0.185873753380801
"1309","PB2","EPI_ISL_20234197","H3N2","Avian",0.185873753380801
"1310","PB2","EPI_ISL_19226232","H4N3","Avian",0.185873753380801
"1311","PB2","EPI_ISL_162561","H3N8","Avian",0.185873753380801
"1312","PB2","EPI_ISL_64901","H4N6","Avian",0.185873753380801
"1313","PB2","EPI_ISL_25104","H4N6","Avian",0.185873753380801
"1314","PB2","A/common_murre/Alaska/305/1976C","H1N6","Avian",0.185873753380801
"1315","PB2","A/common_teal/Hong_Kong/MPL1075/2011K","H11N9","Avian",0.185873753380801
"1316","PB2","A/common_teal/Hong_Kong/MPL634/2011K","H7N7","Avian",0.185873753380801
"1317","PB2","A/duck/Hong_Kong/24/1976C","H4N2","Avian",0.185873753380801
"1318","PB2","A/duck/Hong_Kong/365/1978C","H4N6","Avian",0.185873753380801
"1319","PB2","A/duck/Hong_Kong/562/1979C","H10N9","Avian",0.185873753380801
"1320","PB2","A/duck/Hubei/ZYSYF12/2015K","H3N6","Avian",0.185873753380801
"1321","PB2","A/duck/Okayama/331111/2014L","H10N7","Avian",0.185873753380801
"1322","PB2","A/duck/Saga/411114/2013L","H10N3","Avian",0.185873753380801
"1323","PB2","A/korean_native_chicken/South_Korea/N15-001/2015M","H9N2","Avian",0.185873753380801
"1324","PB2","EPI_ISL_368625","H10N4","Avian",0.185873753380801
"1325","PB2","EPI_ISL_146723","H9N2","Avian",0.185873753380801
"1326","PB2","EPI_ISL_112583","H6N8","Avian",0.185873753380801
"1327","PB2","EPI_ISL_15613","H5N1","Avian",0.185873753380801
"1328","PB2","EPI_ISL_80699","H5N1","Avian",0.185873753380801
"1329","PB2","EPI_ISL_11362","H5N1","Avian",0.185873753380801
"1330","PB2","EPI_ISL_10394","H5N1","Avian",0.185873753380801
"1331","PB2","A/chicken/China/E93/2012M","H5N1","Avian",0.185873753380801
"1332","PB2","A/chicken/China/Guangxi1/2000D","H9N2","Avian",0.185873753380801
"1333","PB2","A/chicken/Guangxi/DX/2008K","H9N2","Avian",0.185873753380801
"1334","PB2","A/chicken/Guangxi/G8/2009K","H9N2","Avian",0.185873753380801
"1335","PB2","A/chicken/Guangxi/LF/2007K","H9N2","Avian",0.185873753380801
"1336","PB2","A/chicken/Guizhou/7/2008H","H5N1","Avian",0.185873753380801
"1337","PB2","A/chicken/Taiwan/0101/2012K","H5N2","Avian",0.185873753380801
"1338","PB2","A/chicken/Taiwan/0107/02D","H6N1","Avian",0.185873753380801
"1339","PB2","A/chicken/Taiwan/0114/04D","H6N1","Avian",0.185873753380801
"1340","PB2","A/chicken/Taiwan/0702/2013M","H6N1","Avian",0.185873753380801
"1341","PB2","A/chicken/Taiwan/0705/99D","H6N1","Avian",0.185873753380801
"1342","PB2","A/chicken/Taiwan/0824/97D","H6N1","Avian",0.185873753380801
"1343","PB2","A/chicken/Taiwan/1680/2013K","H5N2","Avian",0.185873753380801
"1344","PB2","A/chicken/Taiwan/4443/2013K","H5N2","Avian",0.185873753380801
"1345","PB2","A/chicken/Taiwan/8988/2013K","H5N2","Avian",0.185873753380801
"1346","PB2","A/chicken/Taiwan/A1997/2012K","H5N2","Avian",0.185873753380801
"1347","PB2","A/chicken/Taiwan/A703-1/2008A","H5N2","Avian",0.185873753380801
"1348","PB2","A/chicken/Taiwan/CF16/2009K","H6N1","Avian",0.185873753380801
"1349","PB2","A/chicken/Taiwan/PF2/02D","H6N1","Avian",0.185873753380801
"1350","PB2","A/chicken/Taiwan/na3/98D","H6N1","Avian",0.185873753380801
"1351","PB2","A/duck/Guangdong/s14044/2014K","H5N8","Avian",0.185873753380801
"1352","PB2","A/duck/Guangxi/149D24/2013M","H4N6","Avian",0.185873753380801
"1353","PB2","A/duck/Guangxi/3846/2020O","H3N8","Avian",0.185873753380801
"1354","PB2","A/duck/Guangxi/4130/2020O","H3N2","Avian",0.185873753380801
"1355","PB2","A/duck/Guangxi/LAD9/2009K","H9N8","Avian",0.185873753380801
"1356","PB2","A/duck/Shantou/2823/2006C","H6N2","Avian",0.185873753380801
"1357","PB2","A/duck/Shantou/728/2001H","H6N2","Avian",0.185873753380801
"1358","PB2","A/duck/Shaoxing/5516/2013K","H7N3","Avian",0.185873753380801
"1359","PB2","A/duck/Siberia/272/1998A","H13N6","Avian",0.185873753380801
"1360","PB2","A/duck/Sichuan/S4202/2011K","H4N2","Avian",0.185873753380801
"1361","PB2","EPI_ISL_173921","H9N2","Avian",0.185873753380801
"1362","PB2","EPI_ISL_78002","H5N1","Avian",0.185873753380801
"1363","PB2","EPI_ISL_78003","H5N1","Avian",0.185873753380801
"1364","PB2","EPI_ISL_78005","H5N1","Avian",0.185873753380801
"1365","PB2","EPI_ISL_299155","H3N6","Avian",0.185873753380801
"1366","PB2","EPI_ISL_19818742","H3N2","Avian",0.185873753380801
"1367","PB2","EPI_ISL_19818743","H3N2","Avian",0.185873753380801
"1368","PB2","EPI_ISL_19818744","H3N2","Avian",0.185873753380801
"1369","PB2","A/Vietnam/UT36236/2010K","H5N1","Zoonotic",0.185873753380801
"1370","PB2","A/Yangzhou/125/2022O","H5N6","Zoonotic",0.185873753380801
"1371","PB2","A/Muscovy_duck/Vietnam/G33/2007A","H6N2","Avian",0.185873753380801
"1372","PB2","A/Muscovy_duck/Vietnam/HN5629/2019M","H3N2","Avian",0.185873753380801
"1373","PB2","A/Muscovy_duck/Vietnam/HU10-1705/2018L","H5N1","Avian",0.185873753380801
"1374","PB2","A/chicken/Egypt/0891/2008C","H5N1","Avian",0.185873753380801
"1375","PB2","A/chicken/Egypt/096L-NLQP/2009K","H5N1","Avian",0.185873753380801
"1376","PB2","A/chicken/Egypt/B13825A/2017M","H5N1","Avian",0.185873753380801
"1377","PB2","A/chicken/Egypt/CL69/2013L","H5N1","Avian",0.185873753380801
"1378","PB2","A/chicken/Egypt/F9514E/2014K","H5N1","Avian",0.185873753380801
"1379","PB2","A/chicken/Viet_Nam/QN-0272/2013M","H9N2","Avian",0.185873753380801
"1380","PB2","A/chicken/Viet_Nam/QN-0277/2013M","H9N2","Avian",0.185873753380801
"1381","PB2","A/chicken/Vietnam/HU3-739/2015L","H9N2","Avian",0.185873753380801
"1382","PB2","A/chicken/Vietnam/HU8-165/2017L","H9N2","Avian",0.185873753380801
"1383","PB2","A/duck/Hunan/122/2014K","H3N2","Avian",0.185873753380801
"1384","PB2","A/duck/Hunan/161/2015K","H3N6","Avian",0.185873753380801
"1385","PB2","A/duck/Hunan/S11205/2012C","H10N3","Avian",0.185873753380801
"1386","PB2","A/duck/Hunan/S11547/2012C","H4N9","Avian",0.185873753380801
"1387","PB2","EPI_ISL_146731","H9N2","Avian",0.185873753380801
"1388","PB2","EPI_ISL_19818731","H3N2","Avian",0.185873753380801
"1389","PB2","A/Eastern_buzzard/Japan/KU-100/2021O","H5N8","Avian",0.185873753380801
"1390","PB2","A/Eurasian_eagle_owl/Korea/23/2010J","H5N1","Avian",0.185873753380801
"1391","PB2","A/chicken/Egypt/S75/2015M","H5N1","Avian",0.185873753380801
"1392","PB2","A/chicken/Fujian/25/00D","H9N2","Avian",0.185873753380801
"1393","PB2","A/chicken/Victoria/1/1985C","H7N7","Avian",0.185873753380801
"1394","PB2","A/chicken/Victoria/9306-04-0930/1992G","H7N3","Avian",0.185873753380801
"1395","PB2","A/chicken/Viet_Nam/LS-1754/2013M","H9N2","Avian",0.185873753380801
"1396","PB2","A/duck/Jiangxi/S21046/2012K","H4N2","Avian",0.185873753380801
"1397","PB2","A/duck/Jilin/JL-2/2012K","H9N2","Avian",0.185873753380801
"1398","PB2","A/duck/Klaten/04160386/2016K","H5N1","Avian",0.185873753380801
"1399","PB2","A/duck/Korea/109/2011J","H7N7","Avian",0.185873753380801
"1400","PB2","A/duck/Korea/A93/2008G","H5N2","Avian",0.185873753380801
"1401","PB2","A/duck/Korea/DY97/2007J","H4N3","Avian",0.185873753380801
"1402","PB2","A/duck/Lao/7/2010C","H5N1","Avian",0.185873753380801
"1403","PB2","EPI_ISL_77979","H5N1","Avian",0.185873753380801
"1404","PB2","EPI_ISL_15642","H5N1","Avian",0.185873753380801
"1405","PB2","A/Muscovy_duck/Fujian/CL/1997J","H9N2","Avian",0.185873753380801
"1406","PB2","A/chestnut_teal/Victoria/1/2004C","H3N2","Avian",0.185873753380801
"1407","PB2","A/chicken/Anhui/02/2008K","H9N2","Avian",0.185873753380801
"1408","PB2","A/chicken/Rostov-on-Don/35/2007E","H5N1","Avian",0.185873753380801
"1409","PB2","A/chicken/Scotland/1959G","H5N1","Avian",0.185873753380801
"1410","PB2","A/chicken/Xinjiang/54/2005H","H5N1","Avian",0.185873753380801
"1411","PB2","A/duck/Fujian/1761/2010K","H10N3","Avian",0.185873753380801
"1412","PB2","A/magpie_robin/California/28709-5/1993M","H7N8","Avian",0.185873753380801
"1413","PB2","A/magpie_robin/California/28710-14/1993M","H7N8","Avian",0.185873753380801
"1414","PB2","A/Baer's_pochard/HuNan/414/2010J","H7N1","Avian",0.185873753380801
"1415","PB2","A/Baikal_teal/Hongze/14/2005G","H11N9","Avian",0.185873753380801
"1416","PB2","A/Bewick's_swan/Netherlands/1/2007C","H1N5","Avian",0.185873753380801
"1417","PB2","A/Calidris_ruficollis/Hokkaido/12EY0172/2012L","H4N7","Avian",0.185873753380801
"1418","PB2","A/duck/Suphanburi/AI157/2005J","H6N1","Avian",0.185873753380801
"1419","PB2","A/duck/Taiwan/4355/2013K","H5N2","Avian",0.185873753380801
"1420","PB2","A/duck/Taiwan/A68/03D","H6N1","Avian",0.185873753380801
"1421","PB2","A/duck/Taiwan/DC88/2009K","H4N6","Avian",0.185873753380801
"1422","PB2","A/duck/Taiwan/DV413/2006K","H5N2","Avian",0.185873753380801
"1423","PB2","A/duck/Thailand/CU-11869C/2011K","H1N9","Avian",0.185873753380801
"1424","PB2","A/duck/Thailand/CU-12660T/2012K","H11N9","Avian",0.185873753380801
"1425","PB2","A/duck/Thailand/CU-12677T/2012M","H11N6","Avian",0.185873753380801
"1426","PB2","A/duck/Victoria/0305-2/2012C","H5N3","Avian",0.185873753380801
"1427","PB2","A/chicken/China/81213/2017O","H1N3","Avian",0.185873753380801
"1428","PB2","A/chicken/Italy/22A/1998C","H5N9","Avian",0.185873753380801
"1429","PB2","A/duck/Anhui/D293/2014K","H3N2","Avian",0.185873753380801
"1430","PB2","A/duck/Anhui/S2193/2012K","H4N6","Avian",0.185873753380801
"1431","PB2","A/duck/Jiangxi/34858/2013K","H7N3","Avian",0.185873753380801
"1432","PB2","A/duck/Jiangxi/5748/2006C","H6N2","Avian",0.185873753380801
"1433","PB2","A/duck/Vietnam/HU1-1501/2014L","H3N2","Avian",0.185873753380801
"1434","PB2","A/plumed_whistling_duck/Western_Australia/AS09-2965-220/2009O","H6N1","Avian",0.185873753380801
"1435","PB2","EPI_ISL_30484","H11N9","Avian",0.185873753380801
"1436","PB2","A/Mallard/SanJiang/90/2006C","H3N8","Avian",0.185873753380801
"1437","PB2","A/Northern_shoveler/Korea/SD175/2008K","H7N3","Avian",0.185873753380801
"1438","PB2","A/Pacific_black_duck/South_Australia/14-5824080-12/2014O","H2N2","Avian",0.185873753380801
"1439","PB2","A/Pacific_black_duck/Tasmania/07-0277-18/2007O","H7N2","Avian",0.185873753380801
"1440","PB2","A/Pacific_black_duck/Tasmania/14-0593-26/2014O","H5N3","Avian",0.185873753380801
"1441","PB2","A/chicken/Cambodia/Z248W19M1/2015M","H9N2","Avian",0.185873753380801
"1442","PB2","A/chicken/Hunan/41/2004H","H5N1","Avian",0.185873753380801
"1443","PB2","A/chicken/Jilin/53/01D","H9N2","Avian",0.185873753380801
"1444","PB2","A/chicken/Jilin/hg/2002D","H5N1","Avian",0.185873753380801
"1445","PB2","A/chicken/Jilin/hj/2003D","H5N1","Avian",0.185873753380801
"1446","PB2","A/chicken/Jilin/hk/2004D","H5N1","Avian",0.185873753380801
"1447","PB2","A/chicken/Jilin/hm/2003D","H5N1","Avian",0.185873753380801
"1448","PB2","A/chicken/Jilin/xw/2003D","H5N1","Avian",0.185873753380801
"1449","PB2","A/chicken/Shandong/1/2008J","H9N2","Avian",0.185873753380801
"1450","PB2","A/chicken/Shandong/251/2007K","H9N2","Avian",0.185873753380801
"1451","PB2","A/chicken/Shandong/B4/2007F","H9N2","Avian",0.185873753380801
"1452","PB2","A/chicken/Shandong/BD/2008J","H9N2","Avian",0.185873753380801
"1453","PB2","A/domestic_green-winged_teal/Hunan/2036/2007K","H3N6","Avian",0.185873753380801
"1454","PB2","A/domestic_green-winged_teal/Hunan/3450/2006K","H5N1","Avian",0.185873753380801
"1455","PB2","A/duck/Eastern_China/S0131/2014K","H5N2","Avian",0.185873753380801
"1456","PB2","A/duck/England/1/1956C","H11N6","Avian",0.185873753380801
"1457","PB2","A/duck/Jiangxi/11278/2009K","H11N9","Avian",0.185873753380801
"1458","PB2","A/duck/Jiangxi/22620/2012K","H11N9","Avian",0.185873753380801
"1459","PB2","A/duck/Jiangxi/22960/2008K","H10N8","Avian",0.185873753380801
"1460","PB2","A/duck/Shanghai/28-1/2009J","H4N2","Avian",0.185873753380801
"1461","PB2","A/duck/Shanghai/421-2/2009K","H4N6","Avian",0.185873753380801
"1462","PB2","A/duck/Zhejiang/727145/2014K","H4N2","Avian",0.185873753380801
"1463","PB2","A/emperor_goose/Alaska/442/2013K","H4N6","Avian",0.185873753380801
"1464","PB2","A/mallard/China/y41/2014M","H3N2","Avian",0.185873753380801
"1465","PB2","A/mallard/Guangxi/wt/2004D","H5N1","Avian",0.185873753380801
"1466","PB2","A/mallard/Jiangxi/1-15/2010C","H3N2","Avian",0.185873753380801
"1467","PB2","A/mallard/Jiangxi/10071/2005H","H6N1","Avian",0.185873753380801
"1468","PB2","A/mallard/Jiangxi/G98/2014M","H3N8","Avian",0.185873753380801
"1469","PB2","A/Anseriformes/Anhui/L167/2014K","H1N1","Avian",0.185873753380801
"1470","PB2","A/Australian_shelduck/South_Australia/17-3278836-33/2017O","H4N2","Avian",0.185873753380801
"1471","PB2","A/chicken/Giza/CAI37/2009C","H5N1","Avian",0.185873753380801
"1472","PB2","A/chicken/Guangdong/01/2008K","H9N2","Avian",0.185873753380801
"1473","PB2","A/chicken/Guangdong/10/00D","H9N2","Avian",0.185873753380801
"1474","PB2","A/chicken/Henan/321/2008K","H9N2","Avian",0.185873753380801
"1475","PB2","A/chicken/Henan/323/2009K","H9N2","Avian",0.185873753380801
"1476","PB2","A/chicken/Henan/L2/2008E","H9N2","Avian",0.185873753380801
"1477","PB2","A/chicken/Henan/wu/2004D","H5N1","Avian",0.185873753380801
"1478","PB2","A/chicken/HoChiMinh/0181/2013K","H9N2","Avian",0.185873753380801
"1479","PB2","A/Hong_Kong/378.1/2001G","H5N1","Zoonotic",0.185873753380801
"1480","PB2","A/chicken/Hong_Kong/HH45/2007K","H9N2","Avian",0.185873753380801
"1481","PB2","A/chicken/Nanchang/7-010/2000C","H3N6","Avian",0.185873753380801
"1482","PB2","A/chicken/Nanjing/B854-2/2011K","H3N8","Avian",0.185873753380801
"1483","PB2","A/chicken/New_South_Wales/2/1997C","H7N4","Avian",0.185873753380801
"1484","PB2","A/duck/Bavaria/2/1977K","H1N1","Avian",0.185873753380801
"1485","PB2","A/duck/Beijing/40/04E","H3N8","Avian",0.185873753380801
"1486","PB2","A/duck/Beijing/TZ/2014K","H6N2","Avian",0.185873753380801
"1487","PB2","A/duck/Cairo/157CA/2015L","H5N1","Avian",0.185873753380801
"1488","PB2","A/duck/Hunan/S4443/2011C","H11N9","Avian",0.185873753380801
"1489","PB2","A/duck/Hunan/S4474/2011C","H11N9","Avian",0.185873753380801
"1490","PB2","A/duck/Vietnam/G17-1/2011A","H11N9","Avian",0.185873753380801
"1491","PB2","A/duck/Vietnam/G18-1/2011A","H3N8","Avian",0.185873753380801
"1492","PB2","A/gull/Maryland/704/1977","H13N6","Avian",0.185873753380801
"1493","PB2","A/mallard/Sweden/5714/2005C","H4N6","Avian",0.185873753380801
"1494","PB2","A/turkey/England/1963C","H7N3","Avian",0.185873753380801
"1495","PB2","A/turkey/England/1969G","H3N2","Avian",0.185873753380801
"1496","PB2","A/wild_waterfowl/Western_Australia/AS13-1169-11/2013O","H2N2","Avian",0.185873753380801
"1497","PB2","EPI_ISL_19052988","H10N7","Avian",0.185873753380801
"1498","PB2","EPI_ISL_19052951","H10N7","Avian",0.185873753380801
"1499","PB2","EPI_ISL_19052955","H10N7","Avian",0.185873753380801
"1500","PB2","EPI_ISL_19052933","H10N3","Avian",0.185873753380801
"1501","PB2","EPI_ISL_19052941","H10N4","Avian",0.185873753380801
"1502","PB2","EPI_ISL_19052940","H10N4","Avian",0.185873753380801
"1503","PB2","EPI_ISL_139367","H9N2","Avian",0.185873753380801
"1504","PB2","EPI_ISL_145371","H9N2","Avian",0.185873753380801
"1505","PB2","EPI_ISL_139238","H6N1","Avian",0.185873753380801
"1506","PB2","EPI_ISL_10095","H6N1","Avian",0.185873753380801
"1507","PB2","EPI_ISL_80601","H5N1","Avian",0.185873753380801
"1508","PB2","EPI_ISL_20050288","H11N6","Avian",0.185873753380801
"1509","PB2","EPI_ISL_146403","H4N9","Avian",0.185873753380801
"1510","PB2","EPI_ISL_96739","H9N2","Avian",0.185873753380801
"1511","PB2","EPI_ISL_63511","H3N6","Avian",0.185873753380801
"1512","PB2","EPI_ISL_158360","H4N2","Avian",0.185873753380801
"1513","PB2","A/Anhui/1/2005C","H5N1","Zoonotic",0.185873753380801
"1514","PB2","A/Anhui/1/2006C","H5N1","Zoonotic",0.185873753380801
"1515","PB2","A/Bangladesh/3233/2011C","H5N1","Zoonotic",0.185873753380801
"1516","PB2","A/Cambodia/X0207301/2013K","H5N1","Zoonotic",0.185873753380801
"1517","PB2","A/Changsha/1/2014K","H5N6","Zoonotic",0.185873753380801
"1518","PB2","A/China/GD02/2006E","H5N1","Zoonotic",0.185873753380801
"1519","PB2","EPI_ISL_19810002","H5N1","Avian",0.185873753380801
"1520","PB2","EPI_ISL_19810014","H6N2","Avian",0.185873753380801
"1521","PB2","A/Egypt/MOH-NRC-7271/2014K","H5N1","Zoonotic",0.185873753380801
"1522","PB2","EPI_ISL_73368","H4N2","Avian",0.185873753380801
"1523","PB2","A/Tibetan_snowfinch/Maduo/01/2006K","H7N2","Avian",0.185873753380801
"1524","PB2","A/bar-headed_goose/Qinghai/1-HVRI/2006H","H5N1","Avian",0.185873753380801
"1525","PB2","A/bird/Guangxi/62/2005E","H9N2","Avian",0.185873753380801
"1526","PB2","A/black-headed_gull/Astrakhan/458/1985G","H13N6","Avian",0.185873753380801
"1527","PB2","A/blue_&_white_flycatcher/California/14875-1/1994M","H7N1","Avian",0.185873753380801
"1528","PB2","A/chicken/China/Influenza_A_virus/2017M","H6N1","Avian",0.185873753380801
"1529","PB2","A/chicken/Chongqing/A52/2011K","H9N2","Avian",0.185873753380801
"1530","PB2","A/chicken/Hainan/SIC33/2014K","H9N2","Avian",0.185873753380801
"1531","PB2","A/chicken/Hebei/108/02D","H5N1","Avian",0.185873753380801
"1532","PB2","A/Beijing/01/2003E","H5N1","Zoonotic",0.185873753380801
"1533","PB2","A/chicken/Hebei/326/2005D","H5N1","Avian",0.185873753380801
"1534","PB2","A/chicken/Hebei/4/2008F","H9N2","Avian",0.185873753380801
"1535","PB2","A/chicken/Hebei/B1/2001E","H9N2","Avian",0.185873753380801
"1536","PB2","A/chicken/Nha_Trang/124/2015L","H5N6","Avian",0.185873753380801
"1537","PB2","A/chicken/Nha_Trang/129/2015L","H5N6","Avian",0.185873753380801
"1538","PB2","A/Iraq/1/2006E","H5N1","Zoonotic",0.185873753380801
"1539","PB2","A/duck/Hebei/B1646-2/2011K","H3N2","Avian",0.185873753380801
"1540","PB2","A/duck/Hokkaido/207/2014L","H8N2","Avian",0.185873753380801
"1541","PB2","A/duck/Hokkaido/W44/2018M","H5N2","Avian",0.185873753380801
"1542","PB2","A/duck/Hokkaido/WZ16/2008L","H10N9","Avian",0.185873753380801
"1543","PB2","A/duck/Mongolia/103/2011L","H3N8","Avian",0.185873753380801
"1544","PB2","A/duck/Mongolia/371/2010L","H10N8","Avian",0.185873753380801
"1545","PB2","A/duck/Western_Australia/8057/1984C","H4N6","Avian",0.185873753380801
"1546","PB2","A/duck/Western_Australia/8346/1987C","H4N6","Avian",0.185873753380801
"1547","PB2","A/migratory_waterfowl/Hubei/Chenhu1306/2014K","H5N6","Avian",0.185873753380801
"1548","PB2","A/quail/Italy/1117/1965C","H10N8","Avian",0.185873753380801
"1549","PB2","EPI_ISL_146305","H9N2","Avian",0.185873753380801
"1550","PB2","A/aquatic_bird/Gunsan/146/2006M","H3N4","Avian",0.185873753380801
"1551","PB2","A/aquatic_bird/Gunsan/157/2007M","H11N2","Avian",0.185873753380801
"1552","PB2","A/aquatic_bird/Gunsan/237/2008M","H6N1","Avian",0.185873753380801
"1553","PB2","A/aquatic_bird/Jeonju/140/2007M","H10N4","Avian",0.185873753380801
"1554","PB2","A/aquatic_bird/Jeonju/338/2008M","H3N6","Avian",0.185873753380801
"1555","PB2","A/aquatic_bird/Jeonju/340/2008M","H4N1","Avian",0.185873753380801
"1556","PB2","A/aquatic_bird/Korea/w198/2007G","H5N2","Avian",0.185873753380801
"1557","PB2","A/softbill/CA/33445-158/1992G","H7N1","Avian",0.185873753380801
"1558","PB2","A/wild_duck/Tasmania/13-1724-1/2013O","H9N2","Avian",0.185873753380801
"1559","PB2","A/wild_duck/Tasmania/14-0593-71/2014O","H8N4","Avian",0.185873753380801
"1560","PB2","A/wild_duck/Tasmania/16-0910-19/2016O","H3N8","Avian",0.185873753380801
"1561","PB2","A/wild_duck/Victoria/10-03507-019/2010O","H3N8","Avian",0.185873753380801
"1562","PB2","A/wild_duck/Western_Australia/AS16-3326-185/2016O","H5N2","Avian",0.185873753380801
"1563","PB2","A/wild_duck/Western_Australia/AS17-4585-167/2017O","H11N9","Avian",0.185873753380801
"1564","PB2","EPI_ISL_20096817","H10N8","Avian",0.185873753380801
"1565","PB2","EPI_ISL_8919","H3N8","Avian",0.185873753380801
"1566","PB2","EPI_ISL_8923","H11N2","Avian",0.185873753380801
"1567","PB2","EPI_ISL_5812","H7N1","Avian",0.185873753380801
"1568","PB2","EPI_ISL_146694","H9N2","Avian",0.185873753380801
"1569","PB2","A/American_black_duck/Western_Australia/699/1978G","H3N8","Avian",0.185873753380801
"1570","PB2","A/Pacific_black_duck/Victoria/11840/2019O","H2N1","Avian",0.185873753380801
"1571","PB2","A/Pacific_black_duck/Victoria/9708/2016O","H4N1","Avian",0.185873753380801
"1572","PB2","A/chicken/Gansu/44/2004H","H5N1","Avian",0.185873753380801
"1573","PB2","A/chicken/Ganzhou/GZ157/2016K","H3N2","Avian",0.185873753380801
"1574","PB2","A/chicken/Hubei/wj/1997D","H5N1","Avian",0.185873753380801
"1575","PB2","A/chicken/Hunan/1793/2007F","H5N1","Avian",0.185873753380801
"1576","PB2","A/chicken/Hunan/2106/2009K","H9N2","Avian",0.185873753380801
"1577","PB2","A/chicken/Osaka/aq19/2001A","H9N2","Avian",0.185873753380801
"1578","PB2","A/chicken/Zhejiang/528189/2016M","H10N7","Avian",0.185873753380801
"1579","PB2","A/duck/Fujian/8349/2007C","H6N6","Avian",0.185873753380801
"1580","PB2","A/duck/Fujian/FQ107/2007H","H9N2","Avian",0.185873753380801
"1581","PB2","A/duck/Fujian/SD061/2017M","H11N3","Avian",0.185873753380801
"1582","PB2","A/duck/Fujian/SE0195/2018M","H7N2","Avian",0.185873753380801
"1583","PB2","A/duck/Guangdong/4323/2007K","H11N9","Avian",0.185873753380801
"1584","PB2","A/duck/Guangdong/455/2000K","H3N9","Avian",0.185873753380801
"1585","PB2","A/duck/Yunnan/1282/2007K","H11N9","Avian",0.185873753380801
"1586","PB2","A/duck/Zambia/02/2008A","H6N2","Avian",0.185873753380801
"1587","PB2","A/duck/Zambia/08/2009A","H6N2","Avian",0.185873753380801
"1588","PB2","A/duck/Zhejiang/0607-13/2011J","H1N2","Avian",0.185873753380801
"1589","PB2","A/duck/Zhejiang/2/2011J","H7N3","Avian",0.185873753380801
"1590","PB2","A/duck/Zhejiang/2245/2011J","H5N1","Avian",0.185873753380801
"1591","PB2","A/duck/Zhejiang/409/2013K","H4N6","Avian",0.185873753380801
"1592","PB2","A/duck/Zhejiang/465/2013K","H2N7","Avian",0.185873753380801
"1593","PB2","A/duck/Zhejiang/6D4/2013K","H3N2","Avian",0.185873753380801
"1594","PB2","A/ostrich/South_Africa/AI1091/2006E","H5N2","Avian",0.185873753380801
"1595","PB2","A/wild_bird/Fujian/24/2017M","H2N6","Avian",0.185873753380801
"1596","PB2","EPI_ISL_169392","H5N1","Avian",0.185873753380801
"1597","PB2","EPI_ISL_112497","H6N8","Avian",0.185873753380801
"1598","PB2","EPI_ISL_19818754","H3N2","Avian",0.185873753380801
"1599","PB2","EPI_ISL_19818756","H3N2","Avian",0.185873753380801
"1600","PB2","EPI_ISL_244609","H4N6","Avian",0.185873753380801
"1601","PB2","EPI_ISL_76409","H6N2","Avian",0.185873753380801
"1602","PB2","A/Korean_native_chicken/Korea/K040110/2010J","H9N2","Avian",0.185873753380801
"1603","PB2","A/chicken/Banyuwangi/04160330/2016K","H5N1","Avian",0.185873753380801
"1604","PB2","A/chicken/Beijing/3/1999K","H9N2","Avian",0.185873753380801
"1605","PB2","A/chicken/Eastern_China/ZG16/2010K","H5N1","Avian",0.185873753380801
"1606","PB2","A/chicken/Hong_Kong/SF379/2006K","H9N2","Avian",0.185873753380801
"1607","PB2","A/chicken/Hong_Kong/TSTB25W/2010K","H9N2","Avian",0.185873753380801
"1608","PB2","A/chicken/Pingtung/18050006-1/2018M","H5N2","Avian",0.185873753380801
"1609","PB2","A/chicken/Queensland/1994C","H7N3","Avian",0.185873753380801
"1610","PB2","A/duck/Victoria/2001C","H4N6","Avian",0.185873753380801
"1611","PB2","A/duck/Victoria/512/2007C","H7N6","Avian",0.185873753380801
"1612","PB2","A/duck/Viet_Nam/QN-0505/2013M","H9N2","Avian",0.185873753380801
"1613","PB2","A/pigeon/Ningxia/100/2012K","H9N2","Avian",0.185873753380801
"1614","PB2","EPI_ISL_63524","H3N6","Avian",0.185873753380801
"1615","PB2","EPI_ISL_200918","H6N1","Avian",0.185873753380801
"1616","PB2","EPI_ISL_80749","H5N1","Avian",0.185873753380801
"1617","PB2","EPI_ISL_95811","H5N1","Avian",0.182710821105559
"1618","PB2","EPI_ISL_99577","H6N1","Avian",0.180271377206399
"1619","PB2","EPI_ISL_95823","H5N1","Avian",0.177934650479206
"1620","PB2","EPI_ISL_19450597","H9N2","Avian",0.175239090426082
"1621","PB2","EPI_ISL_18718874","H3N2","Avian",0.173201509858449
"1622","PB2","EPI_ISL_95826","H5N1","Avian",0.172017282989846
"1623","PB2","EPI_ISL_179375","H6N6","Avian",0.172005842910914
"1624","PB2","EPI_ISL_67733","H5N1","Avian",0.167571931440133
"1625","PB2","EPI_ISL_328204","H6N6","Avian",0.165332094921418
"1626","PB2","EPI_ISL_19733242","H3N6","Avian",0.159843804506561
"1627","PB2","EPI_ISL_20152008","H4N6","Avian",0.155200122462731
"1628","PB2","EPI_ISL_19818732","H3N2","Avian",0.15292559719761
"1629","PB2","EPI_ISL_18137229","H9N2","Avian",0.150147855227881
"1630","PB2","EPI_ISL_504329","H10N4","Avian",0.149781225028754
"1631","PB2","EPI_ISL_181847","H2N2","Avian",0.146927392923899
"1632","PB2","EPI_ISL_388964","H3N8","Avian",0.146193900060751
"1633","PB2","EPI_ISL_239387","H6N2","Avian",0.142516568300127
"1634","PB2","EPI_ISL_166543","H4N6","Avian",0.14206344562573
"1635","PB2","EPI_ISL_1105","H5N3","Avian",0.141593120515217
"1636","PB2","EPI_ISL_149881","H3N8","Avian",0.131658005128987
"1637","PB2","EPI_ISL_303628","H4N6","Avian",0.128361207668847
"1638","PB2","EPI_ISL_95812","H5N1","Avian",0.126372098357958
"1639","PB2","EPI_ISL_95822","H5N1","Avian",0.124513851047024
"1640","PB2","EPI_ISL_365533","H3N2","Avian",0.119979275776325
"1641","PB2","EPI_ISL_1273","H9N2","Avian",0.11335717017503
"1642","PB2","EPI_ISL_277028","H3N8","Avian",0.111226666813806
"1643","PB2","EPI_ISL_19818733","H3N2","Avian",0.10837658714913
"1644","PB2","A/Chicken/Shanghai/F/98A","H9N2","Avian",0.107996479868342
"1645","PB2","EPI_ISL_19818739","H3N2","Avian",0.107732155949909
"1646","PB2","EPI_ISL_4072008","H5N3","Avian",0.106668921581084
"1647","PB2","EPI_ISL_165793","H3N2","Avian",0.102126112338335
"1648","PB2","EPI_ISL_333105","H3N8","Avian",0.10041723732122
"1649","PB2","EPI_ISL_19818735","H3N2","Avian",0.0991749540116117
"1650","PB2","EPI_ISL_365543","H3N2","Avian",0.0911272332542712
"1651","PB2","EPI_ISL_182903","H5N2","Avian",0.0893355988934103
"1652","PB2","EPI_ISL_165787","H11N3","Avian",0.0886326045533145
"1653","PB2","EPI_ISL_208658","H3N8","Avian",0.0879074424775966
"1654","PB2","EPI_ISL_387801","H6N6","Avian",0.0711346060024791
"1655","PB2","EPI_ISL_66205","H6N1","Avian",0.0707848206729273
"1656","PB2","EPI_ISL_365542","H3N2","Avian",0.0700202112449514
"1657","PB2","EPI_ISL_19731917","H4N3","Avian",0.0696578268888807
"1658","PB2","EPI_ISL_19818729","H3N1","Avian",0.0689794079916654
"1659","PB2","EPI_ISL_19818760","H3N6","Avian",0.0680076613239363
"1660","PB2","EPI_ISL_67379","H5N1","Avian",0.067762280621199
"1661","PB2","EPI_ISL_179384","H3N2","Avian",0.0676367929824009
"1662","PB2","EPI_ISL_328180","H6N2","Avian",0.0675593314435168
"1663","PB2","EPI_ISL_68662","H5N1","Avian",0.066939001131308
"1664","PB2","EPI_ISL_165803","H4N6","Avian",0.0658768560982492
"1665","PB2","EPI_ISL_300","H5N3","Avian",0.063822283988955
"1666","PB2","EPI_ISL_14769888","H6N2","Avian",0.0624727666496477
"1667","PB2","EPI_ISL_19226417","H7N6","Avian",0.0617007634124485
"1668","PB2","EPI_ISL_379962","H4N6","Avian",0.0580195474915784
"1669","PB2","EPI_ISL_301007","H4N6","Avian",0.0541763249846734
"1670","PB2","EPI_ISL_156975","H7N7","Avian",0.0353081866706488
"1671","PB2","EPI_ISL_68038","H5N1","Avian",0.0233202350872847
"1672","PB2","EPI_ISL_292796","H6N8","Avian",0.0201894655976753
"1673","PB2","EPI_ISL_16166620","H3N8","Avian",0.015676037931482
"1674","PB2","EPI_ISL_116138","H5N3","Avian",0.0108956841009159
"1675","PB2","EPI_ISL_365532","H3N2","Avian",0.00884830969683911
"1676","PB2","EPI_ISL_19679267","H6N2","Avian",0.00589206349206349
"1677","PB2","EPI_ISL_237159","H4N6","Avian",0.00268442728442728
"1678","PB2","EPI_ISL_400273","H6N8","Avian",0.000606349206349206
"1679","PB2","EPI_ISL_505079","H3N8","Avian",0.000606349206349206
"1680","PB2","EPI_ISL_252811","H3N6","Avian",0.000606349206349206
"1681","PB2","EPI_ISL_3903","H5N1","Avian",0.000606349206349206
"1682","PB1","A/muscovy_duck/Vietnam/LBM941/2017L","H5N6","Avian",0.965429726499438
"1683","PB1","EPI_ISL_20078624","H1N2","Avian",0.884161881344059
"1684","PB1","A/duck/Guangxi/51/2005E","H9N2","Avian",0.738314561143999
"1685","PB1","EPI_ISL_67732","H5N1","Avian",0.729760467139774
"1686","PB1","EPI_ISL_19811063","H9N2","Avian",0.70689345681134
"1687","PB1","EPI_ISL_15612","H5N1","Avian",0.649065107495708
"1688","PB1","A/duck/Victoria/2853/2003C","H4N8","Avian",0.630552449302477
"1689","PB1","EPI_ISL_240703","H5N6","Zoonotic",0.585341202752339
"1690","PB1","EPI_ISL_19811099","H9N2","Avian",0.583110344173351
"1691","PB1","EPI_ISL_3770721","H5N6","Zoonotic",0.577426291242712
"1692","PB1","EPI_ISL_71593","H1N1","Avian",0.535073592657667
"1693","PB1","A/garganey/SanJiang/160/2006E","H5N2","Avian",0.505207855293747
"1694","PB1","EPI_ISL_3770740","H5N6","Zoonotic",0.431187691531882
"1695","PB1","A/korean_native_chicken/South_Korea/N07-0372/2007M","H9N2","Avian",0.363103120784427
"1696","PB1","A/black-headed_gull/Netherlands/17/2009K","H13N3","Avian",0.357433059618262
"1697","PB1","A/Muscovy_duck/Fujian/CL/1997J","H9N2","Avian",0.337876882014376
"1698","PB1","A/chicken/Hong_Kong/NT449/2007K","H9N2","Avian",0.336111387663169
"1699","PB1","EPI_ISL_19844243","H9N2","Avian",0.334192917794908
"1700","PB1","EPI_ISL_3090099","H5N6","Zoonotic",0.332952829507715
"1701","PB1","EPI_ISL_283971","H5N6","Avian",0.332040383504269
"1702","PB1","A/FPV/Dutch/1927C","H7N7","Avian",0.331190187027997
"1703","PB1","EPI_ISL_19811075","H9N2","Avian",0.31628413759957
"1704","PB1","EPI_ISL_353983","H9N2","Zoonotic",0.310053995897928
"1705","PB1","EPI_ISL_20234196","H3N2","Avian",0.305302542754448
"1706","PB1","EPI_ISL_6757629","H5N6","Avian",0.294078786054597
"1707","PB1","A/goose/Henan/01.01_LYGL001-O/2017M","H5N6","Avian",0.287543422859304
"1708","PB1","EPI_ISL_146266","H9N2","Avian",0.273895891436311
"1709","PB1","EPI_ISL_20064378","H6N6","Avian",0.254880886262887
"1710","PB1","A/duck/Germany/1215/1973C","H2N3","Avian",0.226122781256692
"1711","PB1","A/pheasant/United_Arab_Emirates/D1307.B/2011K","H9N2","Avian",0.22124900259365
"1712","PB1","EPI_ISL_697629","H9N2","Avian",0.22067382327805
"1713","PB1","EPI_ISL_19334185","H12N8","Avian",0.218169946882034
"1714","PB1","A/chicken/China/Guangxi1/2000D","H9N2","Avian",0.217253775147331
"1715","PB1","A/duck/Victoria/5383/2002C","H4N8","Avian",0.208919262698374
"1716","PB1","A/Hong_Kong/1073/99A","H9N2","Zoonotic",0.207260918029863
"1717","PB1","EPI_ISL_11208199","H5N6","Avian",0.205509467052364
"1718","PB1","A/duck/Guangxi/4130/2020O","H3N2","Avian",0.201351388308245
"1719","PB1","EPI_ISL_17638494","H9N2","Avian",0.199423548964671
"1720","PB1","A/Pacific_black_duck/Victoria/9708/2016O","H4N1","Avian",0.199295852357319
"1721","PB1","A/Yangzhou/125/2022O","H5N6","Zoonotic",0.197353759212907
"1722","PB1","A/blue-winged_teal/Wisconsin/336/1976C","H1N1","Avian",0.191608057306989
"1723","PB1","EPI_ISL_9379","H6N1","Avian",0.189515470682965
"1724","PB1","A/black-headed_gull/Netherlands/31/2011M","H16N3","Avian",0.184797183951965
"1725","PB1","A/quail/Zhejiang/2A3/2013K","H9N2","Avian",0.184412425926398
"1726","PB1","A/duck/Guangdong/E1/2012J","H10N8","Avian",0.181776581808843
"1727","PB1","EPI_ISL_372805","H5N6","Avian",0.176853967549703
"1728","PB1","A/duck/Guangxi/GXd-1/2009J","H6N5","Avian",0.172704292237517
"1729","PB1","EPI_ISL_20064600","H6N6","Avian",0.172629707927911
"1730","PB1","A/broiler/South_Korea/N07-0371/2007M","H9N2","Avian",0.16739801990317
"1731","PB1","EPI_ISL_20064628","H3N8","Avian",0.165060878962105
"1732","PB1","EPI_ISL_20354393","H11N2","Avian",0.156995669997949
"1733","PB1","EPI_ISL_146723","H9N2","Avian",0.153945536406563
"1734","PB1","EPI_ISL_19818730","H3N2","Avian",0.151515130968253
"1735","PB1","EPI_ISL_146694","H9N2","Avian",0.149792013224194
"1736","PB1","EPI_ISL_288007","H3N8","Avian",0.144477265914009
"1737","PB1","EPI_ISL_18987951","H9N2","Avian",0.143565207528798
"1738","PB1","A/chicken/Hong_Kong/TSTB25W/2010K","H9N2","Avian",0.13730782934865
"1739","PB1","EPI_ISL_12597","H9N2","Zoonotic",0.13546424164597
"1740","PB1","EPI_ISL_17760676","H5N6","Avian",0.135262114875723
"1741","PB1","A/chicken/Ashanti/18VIR1513-23/2018M","H9N2","Avian",0.134949577577936
"1742","PB1","A/duck/Victoria/D23/1994C","H4N2","Avian",0.133126805647732
"1743","PB1","A/duck/Eastern_China/29/2004J","H6N2","Avian",0.132187485247443
"1744","PB1","EPI_ISL_76403","H6N2","Avian",0.131633317664356
"1745","PB1","EPI_ISL_8387690","H9N2","Avian",0.128375827460801
"1746","PB1","A/Hong_Kong/33982/2009K","H9N2","Zoonotic",0.128112407797056
"1747","PB1","A/chicken/Algeria/210/2017M","H9N2","Avian",0.124321576164296
"1748","PB1","A/chicken/Algeria/216/2017M","H9N2","Avian",0.124321576164296
"1749","PB1","A/chicken/Algeria/220/2017M","H9N2","Avian",0.124321576164296
"1750","PB1","A/chicken/Algeria/225/2017M","H9N2","Avian",0.124321576164296
"1751","PB1","EPI_ISL_378838","H9N2","Avian",0.124321576164296
"1752","PB1","EPI_ISL_378841","H9N2","Avian",0.124321576164296
"1753","PB1","EPI_ISL_378851","H9N2","Avian",0.124321576164296
"1754","PB1","EPI_ISL_378853","H9N2","Avian",0.124321576164296
"1755","PB1","EPI_ISL_378857","H9N2","Avian",0.124321576164296
"1756","PB1","A/broiler/South_Korea/N07-0242/2007M","H9N2","Avian",0.123709123175613
"1757","PB1","A/ring-billed_gull/Minnesota/CLMNAI0821/2017M","H13N8","Avian",0.12212175852592
"1758","PB1","EPI_ISL_13005","H9N2","Avian",0.121869384326195
"1759","PB1","EPI_ISL_18927308","H9N2","Avian",0.121589549900685
"1760","PB1","EPI_ISL_697224","H9N2","Avian",0.120124016032537
"1761","PB1","EPI_ISL_19476821","H9N2","Avian",0.11881102777425
"1762","PB1","EPI_ISL_19116330","H6N6","Avian",0.11818628336491
"1763","PB1","EPI_ISL_4071299","H9N2","Avian",0.115724533197712
"1764","PB1","EPI_ISL_8498","H9N2","Avian",0.115683706855323
"1765","PB1","A/blue-winged_teal/ALB/286/1977C","H3N6","Avian",0.115468435975826
"1766","PB1","EPI_ISL_19244047","H9N2","Avian",0.11276110501671
"1767","PB1","A/Chicken/Hebei/4/98A","H9N2","Avian",0.112054895324576
"1768","PB1","A/duck/Hong_Kong/7/1975C","H3N2","Avian",0.108923108976951
"1769","PB1","A/duck/Fujian/FQ107/2007H","H9N2","Avian",0.107755471163902
"1770","PB1","EPI_ISL_18238608","H5N1","Avian",0.107333957436786
"1771","PB1","A/chicken/China/30/2019O","H6N2","Avian",0.105123149378747
"1772","PB1","EPI_ISL_20069696","H5N2","Avian",0.104188501870454
"1773","PB1","A/chicken/Fujian/01/2009K","H9N2","Avian",0.103636417460711
"1774","PB1","A/chicken/Jilin/53/01D","H9N2","Avian",0.103219206799731
"1775","PB1","A/duck/Fujian/3264/2007C","H6N6","Avian",0.10122034546517
"1776","PB1","EPI_ISL_16466440","H5N6","Zoonotic",0.101088501080151
"1777","PB1","EPI_ISL_113480","H6N2","Avian",0.100695228748337
"1778","PB1","A/duck/Fujian/10774/2006C","H6N6","Avian",0.100326358555136
"1779","PB1","EPI_ISL_8496","H9N2","Avian",0.0998955626179645
"1780","PB1","EPI_ISL_305605","H4N8","Avian",0.0987016952024679
"1781","PB1","EPI_ISL_25901","H5N2","Avian",0.0985071641877756
"1782","PB1","A/guineafowl/India/1720917/2017O","H9N2","Avian",0.0974417520086498
"1783","PB1","A/chicken/Hong_Kong/17/1977C","H6N1","Avian",0.0964111081104061
"1784","PB1","A/glaucous_gull-herring_gull_hybrid/Iceland/2297/2012M","H16N3","Avian",0.0953207287656903
"1785","PB1","A/duck/Fujian/1.17_FZHX0123-C/2017M","H5N6","Avian",0.0950447614301939
"1786","PB1","EPI_ISL_19576089","H9N2","Avian",0.0934752851992259
"1787","PB1","EPI_ISL_4071298","H9N2","Avian",0.0932102711068783
"1788","PB1","A/chicken/Guangdong/47/01D","H9N2","Avian",0.0931004476469974
"1789","PB1","EPI_ISL_127582","H3N2","Avian",0.0930409813560749
"1790","PB1","A/Avian/Iran/38AMA/2019M","H5N3","Avian",0.0905328318283003
"1791","PB1","A/chicken/Guangdong/10/00D","H9N2","Avian",0.0821654201899653
"1792","PB1","A/chicken/China/G2684/2014M","H6N2","Avian",0.0811995353787694
"1793","PB1","EPI_ISL_181296","H9N2","Avian",0.0781874997758335
"1794","PB1","A/ring-billed_gull/Georgia/2667/2000G","H11N6","Avian",0.0764648853015032
"1795","PB1","EPI_ISL_13732931","H3N2","Avian",0.0755084135026772
"1796","PB1","A/black_skimmer/Chile/C20057/2016M","H13N8","Avian",0.0748598002806594
"1797","PB1","EPI_ISL_13732930","H3N2","Avian",0.0744537049525986
"1798","PB1","EPI_ISL_19859328","H6N6","Avian",0.0741372878902902
"1799","PB1","EPI_ISL_1189","H5N1","Zoonotic",0.0681968839134808
"1800","PB1","EPI_ISL_19818745","H3N2","Avian",0.0678679230417276
"1801","PB1","EPI_ISL_19243977","H3N2","Avian",0.0675450009408005
"1802","PB1","EPI_ISL_365537","H3N2","Avian",0.0669514704778569
"1803","PB1","EPI_ISL_123951","H9N2","Avian",0.0640661800920551
"1804","PB1","EPI_ISL_206820","H4N2","Avian",0.0624589798214424
"1805","PB1","EPI_ISL_19776590","H16N3","Avian",0.0622193911444756
"1806","PB1","A/chicken/Guangdong/V/2008J","H9N2","Avian",0.0601747501153084
"1807","PB1","A/black-headed_gull/Astrakhan/44/1988G","H13N6","Avian",0.059863065156719
"1808","PB1","EPI_ISL_8387676","H9N2","Avian",0.0583567331497501
"1809","PB1","A/European_herring_gull/Netherlands/5/2006M","H16N3","Avian",0.0570423144725317
"1810","PB1","EPI_ISL_18750136","H9N2","Avian",0.0542451928932519
"1811","PB1","A/duck/Hong_Kong/205/1977C","H5N3","Avian",0.05327848676698
"1812","PB1","EPI_ISL_20132018","H9N2","Avian",0.0525249814501827
"1813","PB1","A/glaucous_gull-herring_gull_hybrid/Iceland/2442/2012M","H16N3","Avian",0.0524423857836677
"1814","PB1","A/duck/China/330D17/2018M","H6N6","Avian",0.0520165592828895
"1815","PB1","A/goose/Guangxi/020G/2009K","H3N8","Avian",0.0507805541527667
"1816","PB1","EPI_ISL_8387692","H9N2","Avian",0.0502782113400521
"1817","PB1","EPI_ISL_206810","H4N8","Avian",0.0500493748462609
"1818","PB1","A/chicken/Korea/SH0910/2009H","H9N2","Avian",0.0493879377978854
"1819","PB1","A/duck/Guangxi/07/1999A","H5N1","Avian",0.0486300302394459
"1820","PB1","A/duck/Nha_Trang/60/2013L","H6N6","Avian",0.0469542335899326
"1821","PB1","A/black-headed_gull/Netherlands/10/2010K","H13N8","Avian",0.0469319372293738
"1822","PB1","A/duck/Shanghai/C84/2009J","H3N2","Avian",0.0468237896889735
"1823","PB1","A/duck/Vietnam/HU9-455/2018L","H6N6","Avian",0.045864546316621
"1824","PB1","A/chukkar/Hong_Kong/CSW595/2003A","H6N1","Avian",0.0450651514756029
"1825","PB1","EPI_ISL_19810542","H9N2","Avian",0.0424083805495423
"1826","PB1","EPI_ISL_76345","H6N2","Avian",0.0419768720016729
"1827","PB1","EPI_ISL_19131183","H3N2","Avian",0.0407811680529606
"1828","PB1","A/duck/Ireland/113/1983G","H5N8","Avian",0.0407575399918779
"1829","PB1","A/black-headed_gull/Netherlands/1/2000M","H13N8","Avian",0.0403446849964871
"1830","PB1","A/chicken/Guangxi/55/2005E","H9N2","Avian",0.0395341845991195
"1831","PB1","A/Tibetan_snowfinch/Maduo/01/2006K","H7N2","Avian",0.0392504902302453
"1832","PB1","A/duck/Singapore-Q/F119/1997E","H5N3","Avian",0.0391849414494039
"1833","PB1","EPI_ISL_20064337","H6N6","Avian",0.038980106041608
"1834","PB1","A/Domestic_duck/Viet_Nam/A_duck_Vietnam_HU12-1473_2019/2019M","H5N6","Avian",0.0372154103225306
"1835","PB1","A/white_peckin_duck/South_Korea/P09-373/2009M","H3N2","Avian",0.0359477216927155
"1836","PB1","EPI_ISL_201792","H5N2","Avian",0.035593874932739
"1837","PB1","A/chicken/Benin/19-A-06-822-E_20VIR6511-47/2019M","H9N2","Avian",0.0353106309312077
"1838","PB1","A/chicken/PA/35154/1991E","H1N1","Avian",0.0346887681181491
"1839","PB1","A/duck/Guangxi/015D2/2009K","H3N2","Avian",0.0345427532328985
"1840","PB1","EPI_ISL_206839","H4N2","Avian",0.0343983432801778
"1841","PB1","A/Peking_duck/Wagun/1688-4/1985C","H2N3","Avian",0.034338671974369
"1842","PB1","EPI_ISL_379570","H6N6","Avian",0.0341747863498034
"1843","PB1","A/duck/Guangdong/455/2000K","H3N9","Avian",0.0340400479591931
"1844","PB1","A/chicken/Taiwan/G2/87D","H6N1","Avian",0.033049824564059
"1845","PB1","A/blue_goose/WI/711/1975F","H5N2","Avian",0.0320763941332798
"1846","PB1","A/aquatic_bird/Korea/W69/2005C","H6N5","Avian",0.0320364963109117
"1847","PB1","EPI_ISL_365535","H3N2","Avian",0.0315620289036183
"1848","PB1","A/Muscovy_duck/Fujian/FZ01/2008H","H6N6","Avian",0.0309653107484886
"1849","PB1","A/turkey/IA/21089-3/1992E","H1N1","Avian",0.0307972420875789
"1850","PB1","EPI_ISL_170786","H7N7","Avian",0.0307644780950197
"1851","PB1","A/duck/Perak/2458/1989G","H3N8","Avian",0.030477095811707
"1852","PB1","EPI_ISL_22502","H1N1","Avian",0.0296978186251137
"1853","PB1","A/chicken/China/embryonated_chicken_eggs/2015M","H6N6","Avian",0.0296214980812615
"1854","PB1","A/chicken/Guangdong/01/2013K","H3N2","Avian",0.0290398513651978
"1855","PB1","EPI_ISL_19818761","H3N6","Avian",0.0286740463296152
"1856","PB1","EPI_ISL_19818731","H3N2","Avian",0.02856216885333
"1857","PB1","A/duck/Hong_Kong/694/1979L","H5N3","Avian",0.0271924486860037
"1858","PB1","EPI_ISL_146731","H9N2","Avian",0.0269834292768739
"1859","PB1","A/chicken/Vietnam/HU10-214/2018L","H6N1","Avian",0.0266153746059959
"1860","PB1","EPI_ISL_8495","H9N2","Avian",0.0266137009993271
"1861","PB1","A/duck/Fujian/5117/2005H","H6N2","Avian",0.0265892515763294
"1862","PB1","EPI_ISL_99527","H3N6","Avian",0.0265342157586664
"1863","PB1","EPI_ISL_20234199","H3N2","Avian",0.026166758636589
"1864","PB1","EPI_ISL_697145","H9N2","Avian",0.0256160841574974
"1865","PB1","A/duck/Guangdong/707/2000K","H2N9","Avian",0.0251170335639387
"1866","PB1","A/duck/Shantou/14167/2006C","H6N2","Avian",0.0250771124966025
"1867","PB1","A/silkie_chicken/South_Korea/N08-0179/2008M","H9N2","Avian",0.0248676611969382
"1868","PB1","EPI_ISL_146326","H11N9","Avian",0.0248499756996807
"1869","PB1","EPI_ISL_8387675","H9N2","Avian",0.0244759037339041
"1870","PB1","A/duck/Fujian/1804/2007C","H6N6","Avian",0.0244204793592002
"1871","PB1","A/duck/Korea/JS53/2004J","H3N2","Avian",0.0231680389994467
"1872","PB1","EPI_ISL_506100","H9N2","Avian",0.0227161003824294
"1873","PB1","A/chicken/Guangxi/125C8/2012K","H3N2","Avian",0.0226322584293728
"1874","PB1","EPI_ISL_2234","H9N2","Avian",0.0223845449627995
"1875","PB1","A/wild_duck/Shantou/1737/2000E","H6N8","Avian",0.0223729023594444
"1876","PB1","EPI_ISL_8507","H9N2","Avian",0.0220090072311742
"1877","PB1","EPI_ISL_1108","H5N6","Avian",0.0213933845286217
"1878","PB1","EPI_ISL_22557","H1N1","Avian",0.0211853340445053
"1879","PB1","A/mallard/Jiangxi/2-5/2010C","H3N2","Avian",0.0207989421812796
"1880","PB1","EPI_ISL_697812","H9N2","Avian",0.0204715107447611
"1881","PB1","EPI_ISL_76441","H6N6","Avian",0.0202965427849191
"1882","PB1","EPI_ISL_19818757","H3N2","Avian",0.020062900986794
"1883","PB1","EPI_ISL_697828","H9N2","Avian",0.0200059277915875
"1884","PB1","A/duck/Vietnam/HU10-1743/2018L","H6N6","Avian",0.0197448348902263
"1885","PB1","A/duck/Guangxi/GXd-3/2009J","H6N2","Avian",0.0191803521927938
"1886","PB1","A/duck/Guangxi/105/2011K","H6N1","Avian",0.0189171197831685
"1887","PB1","EPI_ISL_13845","H9N2","Avian",0.0188146870718936
"1888","PB1","EPI_ISL_95824","H5N1","Avian",0.0187779889314361
"1889","PB1","A/Hong_Kong/378.1/2001G","H5N1","Zoonotic",0.0186921092479259
"1890","PB1","A/Duck/Nanchang/2-0485/2000C","H2N9","Avian",0.0186860550087724
"1891","PB1","A/duck/Hong_Kong/147/1977C","H9N6","Avian",0.0183474137550383
"1892","PB1","A/duck/Potsdam/15/1980C","H7N7","Avian",0.0183427024157223
"1893","PB1","EPI_ISL_393957","H16N3","Avian",0.0182411765668141
"1894","PB1","A/chicken/Zhejiang/102637/2016M","H5N6","Avian",0.0181532059133216
"1895","PB1","A/chicken/Hunan/989/2005H","H6N2","Avian",0.01796764339261
"1896","PB1","EPI_ISL_22554","H1N1","Avian",0.017630620507617
"1897","PB1","EPI_ISL_76348","H6N2","Avian",0.0175246464922403
"1898","PB1","EPI_ISL_76347","H6N2","Avian",0.0174072153041867
"1899","PB1","A/chicken/Guangxi/S4381/2010K","H6N6","Avian",0.0172304905610196
"1900","PB1","EPI_ISL_2825419","H6N6","Avian",0.0169874841850003
"1901","PB1","EPI_ISL_8354","H2N2","Avian",0.0168111079344526
"1902","PB1","A/Chicken/Shanghai/F/98A","H9N2","Avian",0.0164325390833709
"1903","PB1","A/chicken/Japan/1925K","H7N7","Avian",0.0163509662813055
"1904","PB1","A/Muscovy_duck/Vietnam/HN5182/2018M","H6N6","Avian",0.016258520683479
"1905","PB1","A/chicken/Jena/4705/1984C","H2N2","Avian",0.0159314391565804
"1906","PB1","EPI_ISL_267313","H13N8","Avian",0.0158285716609204
"1907","PB1","A/black-headed_gull/Netherlands/1/2011K","H16N3","Avian",0.0156273664337457
"1908","PB1","A/duck/Hainan/11.29_HKPL006-C/2017M","H6N6","Avian",0.0155453230785674
"1909","PB1","A/duck/Shantou/481/2003H","H6N2","Avian",0.0154418017114254
"1910","PB1","A/fowl/Hampshire/PD378/1985G","H10N4","Avian",0.0153735354097918
"1911","PB1","EPI_ISL_76422","H6N2","Avian",0.0152393614131542
"1912","PB1","A/goose/Fujian/3.15_FZHX0013-C/2018M","H9N6","Avian",0.0149944250300958
"1913","PB1","EPI_ISL_379960","H6N6","Avian",0.0146458211106296
"1914","PB1","A/chicken/Korea/AI-96004/1996G","H9N2","Avian",0.0145750294805626
"1915","PB1","A/chicken/Fujian/03.15_FZHX0026-C/2018M","H9N2","Avian",0.0145117458938302
"1916","PB1","A/duck/Shantou/168/2007C","H6N8","Avian",0.0144494200239867
"1917","PB1","A/chicken/Malaysia_Johore_/upm2033/2019O","H9N2","Avian",0.014244601278305
"1918","PB1","A/great_bustard/InnerMongolia/IM-E2/2012K","H9N2","Avian",0.0141681460488626
"1919","PB1","A/duck/Hunan/161/2015K","H3N6","Avian",0.0140744818458821
"1920","PB1","A/duck/Hunan/139/2014K","H3N2","Avian",0.0135780940565666
"1921","PB1","A/duck/Shantou/2954/2003H","H6N8","Avian",0.0132475188089644
"1922","PB1","A/chicken/Hong_Kong/WF4/2007K","H9N2","Avian",0.0129547026191225
"1923","PB1","A/duck/Shantou/6847/2004H","H6N2","Avian",0.0129108150409586
"1924","PB1","A/chicken/Hubei/wj/1997D","H5N1","Avian",0.0128275315916904
"1925","PB1","A/duck/Fujian/2018/2007C","H6N6","Avian",0.0123494196178141
"1926","PB1","A/duck/Hunan/S11547/2012C","H4N9","Avian",0.0122686657426792
"1927","PB1","A/Anas_platyrhynchos/South_Korea/1702/2017M","H5N6","Avian",0.0121127829920934
"1928","PB1","A/duck/Vietnam/LBM473/2013A","H6N6","Avian",0.0121064853219714
"1929","PB1","A/chicken/Korea/04164/2004H","H9N8","Avian",0.0120467619134298
"1930","PB1","A/Chicken/Ningxia/5/99A","H9N2","Avian",0.0120466293375935
"1931","PB1","A/chicken/Shanghai/4/2006K","H9N2","Avian",0.0119276304779294
"1932","PB1","EPI_ISL_20203470","H13N6","Avian",0.0114593176310465
"1933","PB1","EPI_ISL_13734229","H3N2","Avian",0.011250406809359
"1934","PB1","A/duck/Shantou/7904/2006C","H6N2","Avian",0.0112251113539491
"1935","PB1","A/duck/Shantou/1090/2001H","H6N2","Avian",0.0110611372231183
"1936","PB1","A/Mallard(Anas_platyrhynchos)/South_Korea/KNU2021-54/2021O","H6N6","Avian",0.0109618093159427
"1937","PB1","A/mallard/Alberta/209/1977L","H4N8","Avian",0.0107748309232608
"1938","PB1","A/duck/Vietnam/HN4800/2018M","H6N6","Avian",0.0106131462735487
"1939","PB1","A/duck/Vietnam/HU9-211/2018L","H6N6","Avian",0.0104616530877623
"1940","PB1","EPI_ISL_20203446","H13N6","Avian",0.0104051341370464
"1941","PB1","A/chicken/Ganzhou/GZ43/2016K","H3N2","Avian",0.0103894283200273
"1942","PB1","A/duck/Vietnam/HN6406/2020M","H6N6","Avian",0.0103837750585334
"1943","PB1","A/common_gull/Norway/10_1617/2006H","H16N3","Avian",0.0103112612847991
"1944","PB1","A/duck/Shantou/1646/2002H","H6N2","Avian",0.0101049606339055
"1945","PB1","A/chicken/Viet_Nam/QN-0453/2013M","H6N6","Avian",0.00988364773465455
"1946","PB1","EPI_ISL_240704","H5N6","Zoonotic",0.00982272724568978
"1947","PB1","EPI_ISL_18331156","H14N2","Avian",0.00946467927220074
"1948","PB1","A/European_herring_gull/Netherlands/1/2010K","H16N3","Avian",0.00928603763640856
"1949","PB1","A/green-winged_teal/Wisconsin/585/1983C","H1N1","Avian",0.00925494736007515
"1950","PB1","A/duck/Shantou/2834/2003H","H6N2","Avian",0.00915586217663111
"1951","PB1","EPI_ISL_314056","H7N9","Zoonotic",0.00911163586208485
"1952","PB1","A/chicken/China/G3249/2014M","H6N2","Avian",0.00908988494851548
"1953","PB1","A/chicken/Victoria/1/1985C","H7N7","Avian",0.0089734659483689
"1954","PB1","A/duck/Guangxi/058/2010K","H6N6","Avian",0.00896049081721362
"1955","PB1","A/duck/Hunan/121/2014K","H3N2","Avian",0.00888271782308447
"1956","PB1","A/Muscovy_duck/Vietnam/HN5486/2019M","H6N6","Avian",0.00884724474814014
"1957","PB1","EPI_ISL_243603","H16N3","Avian",0.00878025787767012
"1958","PB1","A/duck/Korea/GJ80/2007J","H3N8","Avian",0.00854225494185756
"1959","PB1","A/duck/Shantou/925/2003H","H6N2","Avian",0.00848942666227703
"1960","PB1","A/Guangdong/lgf/2021O","H5N6","Zoonotic",0.00826464248619996
"1961","PB1","EPI_ISL_506063","H3N2","Avian",0.00824009872132525
"1962","PB1","A/chicken/Fujian/C1239/2009K","H9N2","Avian",0.00818553092396834
"1963","PB1","EPI_ISL_221747","H3N6","Avian",0.00802834161643828
"1964","PB1","EPI_ISL_19818747","H3N2","Avian",0.00783439389615093
"1965","PB1","EPI_ISL_19679056","H6N2","Avian",0.00781350568492567
"1966","PB1","EPI_ISL_697216","H5N6","Avian",0.00774771924018136
"1967","PB1","EPI_ISL_65835","H13N6","Avian",0.00770562859534585
"1968","PB1","A/duck/Fujian/S1487/2009K","H4N3","Avian",0.00770036850228784
"1969","PB1","EPI_ISL_199438","H6N6","Avian",0.00754428593152368
"1970","PB1","A/chicken/Yokohama/aq45/2002A","H9N2","Avian",0.00744017749150794
"1971","PB1","A/duck/NY/13152-13/1994E","H1N1","Avian",0.00742436418308989
"1972","PB1","A/duck/Nanchang/1681/1992C","H3N8","Avian",0.00721170906579827
"1973","PB1","A/black-headed_gull/Astrakhan/458/1985G","H13N6","Avian",0.00705873302573667
"1974","PB1","EPI_ISL_19818749","H3N2","Avian",0.00690139509197141
"1975","PB1","A/shearwater/Australia/1/1972C","H6N5","Avian",0.006900620893456
"1976","PB1","EPI_ISL_8930","H5N3","Avian",0.00688808825714615
"1977","PB1","A/duck/Vietnam/HN6261/2020M","H6N6","Avian",0.00671682440308163
"1978","PB1","A/duck/Shantou/7880/2004H","H6N2","Avian",0.00655409586085731
"1979","PB1","A/chicken/Viet_Nam/QN-0419/2013M","H6N6","Avian",0.00645609951134396
"1980","PB1","A/chicken/Zhejiang/727031/2014K","H6N2","Avian",0.00640524119141939
"1981","PB1","A/chicken/Victoria/224/1992C","H7N3","Avian",0.00633839617348797
"1982","PB1","A/duck/Viet_Nam/QN-2487/2015M","H6N6","Avian",0.0063368297180344
"1983","PB1","A/duck/Guangxi/3574/2006C","H6N2","Avian",0.00628708408177636
"1984","PB1","A/chicken/Guangxi/129/2013K","H6N6","Avian",0.00612214931934774
"1985","PB1","EPI_ISL_19210554","H5N6","Avian",0.00611362331537624
"1986","PB1","EPI_ISL_328169","H6N2","Avian",0.00576741169248662
"1987","PB1","A/turkey/Ontario/6118/1967G","H8N4","Avian",0.0057474209027637
"1988","PB1","A/duck/Viet_Nam/QN-0518/2013M","H6N6","Avian",0.00567873027228216
"1989","PB1","A/Muscovy_duck/Vietnam/HN4692/2018M","H6N6","Avian",0.0055700553407958
"1990","PB1","A/Muscovy_duck/Vietnam/HN4693/2018M","H6N6","Avian",0.0055700553407958
"1991","PB1","A/Muscovy_duck/Vietnam/HN4694/2018M","H6N6","Avian",0.0055700553407958
"1992","PB1","A/duck/Shantou/3274/2003H","H6N2","Avian",0.00555538765481634
"1993","PB1","A/tern/South_Africa/1959G","H5N3","Avian",0.00518714287253619
"1994","PB1","A/duck/Vietnam/HU9-999/2018L","H6N6","Avian",0.00514634619047616
"1995","PB1","A/chicken/Shandong/lx1023/2007J","H9N2","Avian",0.00512646755446922
"1996","PB1","A/chicken/Henan/321/2008K","H9N2","Avian",0.00509681385687755
"1997","PB1","EPI_ISL_99537","H13N8","Avian",0.00505807721961837
"1998","PB1","A/duck/Hunan/S1661/2012C","H6N6","Avian",0.00502891882998036
"1999","PB1","A/chicken/Guangxi/DX/2008K","H9N2","Avian",0.00501252351129378
"2000","PB1","A/mallard/MT/Y61_C","H2N2","Avian",0.00498345605523409
"2001","PB1","A/black-headed_gull/Sweden/2/99A","H16N3","Avian",0.00493932309049305
"2002","PB1","A/California_gull/California/1196P/2013C","H16N3","Avian",0.00493404412224452
"2003","PB1","EPI_ISL_19646721","H13N6","Avian",0.00492527172885804
"2004","PB1","A/Armenian_gull/Republic_of_Georgia/1/2012C","H13N6","Avian",0.00485617378682457
"2005","PB1","EPI_ISL_237951","H5N3","Avian",0.00484009017307141
"2006","PB1","EPI_ISL_19679334","H6N6","Avian",0.0045082267462363
"2007","PB1","A/chicken/Korea/5/2009M","H6N2","Avian",0.00450373093345591
"2008","PB1","A/duck/Vietnam/G18-1/2011A","H3N8","Avian",0.00447007477013317
"2009","PB1","A/chicken/Laos/A0573/2007C","H3N8","Avian",0.00446896323985613
"2010","PB1","A/chicken/Jiangxi/25/2011M","H5N1","Avian",0.00442778964423862
"2011","PB1","A/duck/Vietnam/HN4771/2018M","H6N6","Avian",0.00441836386759187
"2012","PB1","EPI_ISL_20132126","H9N2","Avian",0.00437256157476029
"2013","PB1","A/chicken/Hunan/S4495/2010K","H6N6","Avian",0.00436026230997
"2014","PB1","A/turkey/England/1963C","H7N3","Avian",0.00428041772638488
"2015","PB1","EPI_ISL_20064275","H6N6","Avian",0.00426575247383276
"2016","PB1","A/Glaucous-Winged_Gull/Alaska/20MB02182/2020M","H13N6","Avian",0.00420729503319639
"2017","PB1","A/duck/Viet_Nam/HN-1685/2014M","H6N6","Avian",0.00418937333208158
"2018","PB1","A/duck/Hong_Kong/3096/99A","H6N2","Avian",0.00404213300101952
"2019","PB1","EPI_ISL_20096817","H10N8","Avian",0.00397507558458765
"2020","PB1","A/duck/Zhejiang/6DK19/2013K","H5N2","Avian",0.0039327441237561
"2021","PB1","EPI_ISL_146278","H9N2","Avian",0.00392880106122295
"2022","PB1","A/duck/Nanchang/1904/1992C","H7N1","Avian",0.00380734784380998
"2023","PB1","A/duck/Malaysia/2001C","H9N2","Avian",0.0037947208713075
"2024","PB1","EPI_ISL_17760698","H6N6","Avian",0.00378432062479461
"2025","PB1","A/silver_gull/Tasmania/06-0349-105/2006O","H13N6","Avian",0.00362780309691424
"2026","PB1","A/duck/Malaysia/F59/2004E","H5N2","Avian",0.0035038716986846
"2027","PB1","A/white_peckin_duck/South_Korea/N07-0448/2007M","H3N2","Avian",0.0034947403262573
"2028","PB1","A/ruddy_turnstone/New_Jersey/260/1990C","H3N6","Avian",0.00334926966895566
"2029","PB1","A/duck/Bavaria/2/1977K","H1N1","Avian",0.00333723154571308
"2030","PB1","EPI_ISL_328195","H6N6","Avian",0.00332569710048736
"2031","PB1","A/duck/Anhui/S2193/2012K","H4N6","Avian",0.00331183251540812
"2032","PB1","A/turkey/England/1969G","H3N2","Avian",0.00327878483775434
"2033","PB1","A/duck/Manitoba/1953K","H10N7","Avian",0.00327249596850809
"2034","PB1","A/Duck/Foshan/11/2019O","H3N2","Avian",0.00319792951494335
"2035","PB1","EPI_ISL_20065078","H6N6","Avian",0.00318050027349437
"2036","PB1","EPI_ISL_707679","H9N2","Avian",0.00307030608614167
"2037","PB1","A/wild_duck/New_South_Wales/M15-04891-MD27/2015O","H7N3","Avian",0.00303376800961463
"2038","PB1","A/duck/Fujian/2546/2005H","H6N2","Avian",0.00299264693984524
"2039","PB1","A/Duck/China/FJ2253/2014M","H6N6","Avian",0.00295718625338526
"2040","PB1","EPI_ISL_2825528","H6N2","Avian",0.00288570531037369
"2041","PB1","EPI_ISL_696815","H6N6","Avian",0.00288509482050736
"2042","PB1","A/chicken/NSW/1651/1997G","H7N4","Avian",0.00287875627039758
"2043","PB1","A/goose/Fujian/3.15_FZHX0009-C/2018M","H9N6","Avian",0.00287205803324531
"2044","PB1","A/duck/Shantou/1984/2007C","H6N6","Avian",0.00284304440368399
"2045","PB1","A/duck/Shantou/1586/2001H","H6N2","Avian",0.00283727326683325
"2046","PB1","EPI_ISL_66184","H6N2","Avian",0.002834855403129
"2047","PB1","EPI_ISL_365539","H3N2","Avian",0.00274127199307361
"2048","PB1","EPI_ISL_19733243","H3N2","Avian",0.00271960530080984
"2049","PB1","A/duck/Shantou/1838/2003H","H6N2","Avian",0.00271358209183392
"2050","PB1","EPI_ISL_76407","H6N2","Avian",0.00253595483053759
"2051","PB1","EPI_ISL_19646726","H16N3","Avian",0.00229455024246905
"2052","PB1","EPI_ISL_299161","H4N6","Avian",0.00227866386684972
"2053","PB1","EPI_ISL_4072219","H6N6","Avian",0.00226428634907094
"2054","PB1","EPI_ISL_19646711","H16N3","Avian",0.00223556568385974
"2055","PB1","A/duck/Jiangxi/5748/2006C","H6N2","Avian",0.00222974947732546
"2056","PB1","A/chicken/Zhejiang/514158/2015K","H6N6","Avian",0.00212473499704757
"2057","PB1","A/duck/Hong_Kong/273/1978C","H2N2","Avian",0.00210535072749396
"2058","PB1","EPI_ISL_285465","H6N6","Avian",0.0020934879871658
"2059","PB1","EPI_ISL_696814","H6N6","Avian",0.0020884231070083
"2060","PB1","EPI_ISL_68734","H7N3","Avian",0.00207679397924321
"2061","PB1","EPI_ISL_10096","H6N2","Avian",0.0020536836369387
"2062","PB1","EPI_ISL_112206","H6N2","Avian",0.00193285004492261
"2063","PB1","EPI_ISL_19678978","H6N2","Avian",0.00188947459450006
"2064","PB1","A/duck/Guangxi/2281/2007C","H6N6","Avian",0.00188203442309753
"2065","PB1","EPI_ISL_696840","H6N6","Avian",0.001878397562321
"2066","PB1","EPI_ISL_19818739","H3N2","Avian",0.00170076467778424
"2067","PB1","EPI_ISL_19244041","H4N2","Avian",0.00170041259128673
"2068","PB1","EPI_ISL_8921","H4N6","Avian",0.00163914600531601
"2069","PB1","EPI_ISL_19678964","H6N2","Avian",0.00158548258163138
"2070","PB1","A/duck/Hunan/1.17_YYGKK97-OC/2017M","H6N6","Avian",0.00157877909624082
"2071","PB1","EPI_ISL_113554","H6N2","Avian",0.0014393726705596
"2072","PB1","A/goose/Leipzig/187-7/1979C","H7N7","Avian",0.00142742750803948
"2073","PB1","A/chicken/Guangxi/S4029/2010K","H6N6","Avian",0.00139976011045428
"2074","PB1","EPI_ISL_697811","H9N2","Avian",0.00139405327254516
"2075","PB1","A/duck/Guangdong/S1566/2009K","H6N2","Avian",0.0013621129648661
"2076","PB1","EPI_ISL_112257","H6N6","Avian",0.00132004037656419
"2077","PB1","A/duck/Shantou/887/2004H","H6N2","Avian",0.00117554959138721
"2078","PB1","A/duck/Shantou/184/2002H","H6N2","Avian",0.00100140471073717
"2079","PB1","A/chicken/Eastern_China/49/2010J","H6N6","Avian",0.000942919650083529
"2080","PB1","A/chicken/Guangdong/S1414/2010K","H6N6","Avian",0.000903781475814491
"2081","PB1","A/duck/Guizhou/8.26_ZYLJJ017-C/2018M","H6N6","Avian",0.000863563230616204
"2082","PB1","A/turkey/England/N28/1973E","H5N2","Avian",0.000851214519008603
"2083","PB1","A/duck/Buryatia/664-5465/1988M","H3N1","Avian",0.000725828462514566
"2084","PB1","EPI_ISL_366885","H3N1","Avian",0.000725828462514566
"2085","PB1","A/aquatic_bird/Korea/w209/2007G","H5N3","Avian",0.00070112574372283
"2086","PB1","A/duck/Western_Australia/8108/1984C","H4N6","Avian",0.000661466543342537
"2087","PB1","A/duck/Viet_Nam/QN-0465/2013M","H6N6","Avian",0.000658310749822699
"2088","PB1","A/duck/Guangdong/S1419/2011K","H6N6","Avian",0.000494570096127744
"2089","PB1","A/duck/Guangdong/7.20_DGCP015-C/2017M","H6N6","Avian",0.000404172822497273
"2090","PB1","EPI_ISL_697212","H9N2","Avian",7.78005724260122e-05
"2091","NA","A/Hong_Kong/485/1997A","H5N1","Zoonotic",0.971907913684845
"2092","NA","EPI_ISL_964","H5N1","Zoonotic",0.95825332403183
"2093","NA","EPI_ISL_965","H5N1","Zoonotic",0.887211620807648
"2094","NA","A/Hong_Kong/482/97A","H5N1","Zoonotic",0.887211620807648
"2095","NA","EPI_ISL_963","H5N1","Zoonotic",0.569241464138031
"2096","NA","EPI_ISL_128406","H5N1","Zoonotic",0.559893906116486
"2097","NA","A/chicken/Vietnam/NCVD-1088/2013K","H5N1","Avian",0.51922619342804
"2098","NA","EPI_ISL_5777","H5N1","Zoonotic",0.471187621355057
"2099","NA","EPI_ISL_19847442","H1N1","Avian",0.417816549539566
"2100","NA","EPI_ISL_20212272","H5N1","Avian",0.379903078079224
"2101","NA","EPI_ISL_273845","H5N1","Avian",0.303300052881241
"2102","NA","A/Anas_platyrhynchos/Belgium/10402_H195386/2017M","H1N1","Avian",0.29410520195961
"2103","NA","EPI_ISL_131251","H6N1","Avian",0.256512582302094
"2104","NA","EPI_ISL_343392","H5N1","Zoonotic",0.255264073610306
"2105","NA","EPI_ISL_20212271","H5N1","Avian",0.175338566303253
"2106","NA","EPI_ISL_17051136","H5N1","Avian",0.150986835360527
"2107","NA","EPI_ISL_504018","H1N1","Avian",0.146432191133499
"2108","NA","EPI_ISL_954","H5N1","Zoonotic",0.129077538847923
"2109","NA","EPI_ISL_17051343","H5N1","Avian",0.0791095197200775
"2110","NA","EPI_ISL_19277005","H5N1","Avian",0.0755367949604988
"2111","NA","A/duck/Korea/GJ74/2007J","H3N1","Avian",0.072825700044632
"2112","NA","EPI_ISL_19736885","H5N1","Avian",0.0697044655680656
"2113","NA","EPI_ISL_332146","H2N1","Avian",0.0635953992605209
"2114","NA","EPI_ISL_169418","H5N1","Avian",0.0531338155269623
"2115","NA","EPI_ISL_20110665","H5N1","Avian",0.0528897345066071
"2116","NA","A/Thailand/676/2005D","H5N1","Zoonotic",0.0464376918971539
"2117","NA","EPI_ISL_302715","H5N1","Zoonotic",0.0434143990278244
"2118","NA","A/Hong_Kong/483/1997G","H5N1","Zoonotic",0.0434143990278244
"2119","NA","EPI_ISL_169417","H5N1","Avian",0.0422837622463703
"2120","NA","EPI_ISL_606","H3N1","Avian",0.041936919093132
"2121","NA","EPI_ISL_410","H10N1","Avian",0.0419045761227608
"2122","NA","EPI_ISL_25201","H1N1","Avian",0.0409280844032764
"2123","NA","EPI_ISL_19413343","H5N1","Zoonotic",0.0406822338700294
"2124","NA","A/Chicken/Hong_Kong/220/97_A","H5N1","Avian",0.0397755391895771
"2125","NA","A/blackish_oystercatcher/Chile/C38127/2018O","H1N1","Avian",0.0341703854501247
"2126","NA","EPI_ISL_20212050","H5N1","Avian",0.03251638635993
"2127","NA","A/chicken/Taiwan/G2/87D","H6N1","Avian",0.0323404967784882
"2128","NA","EPI_ISL_18991990","H5N1","Avian",0.0315521620213985
"2129","NA","EPI_ISL_20284796","H5N1","Avian",0.0271853934973478
"2130","NA","A/duck/Viet_Nam/TMU029/2009C","H5N1","Avian",0.0235093701630831
"2131","NA","A/chicken/Hong_Kong/17/1977C","H6N1","Avian",0.0207905732095242
"2132","NA","EPI_ISL_239997","H5N8","Avian",0.0188297685235739
"2133","NA","EPI_ISL_14766979","H1N1","Avian",0.0168532785028219
"2134","NA","EPI_ISL_154130","H5N1","Zoonotic",0.0138726411387324
"2135","NA","EPI_ISL_19481948","H5N1","Zoonotic",0.0137721002101898
"2136","NA","A/chicken/Egypt/A10758D/2015K","H5N1","Avian",0.0136434761807323
"2137","NA","EPI_ISL_122070","H2N1","Avian",0.01250303350389
"2138","NA","EPI_ISL_19094492","H5N1","Avian",0.0119027560576797
"2139","NA","A/chicken/Taiwan/0329/01D","H6N1","Avian",0.0117480764165521
"2140","NA","A/duck/NZL/76/1984C","H9N1","Avian",0.0111443977802992
"2141","NA","A/Egypt/MOH-NRC-7271/2014K","H5N1","Zoonotic",0.0104434797540307
"2142","NA","A/chicken/Taiwan/165/99D","H6N1","Avian",0.0103697953745723
"2143","NA","EPI_ISL_18991565","H5N1","Avian",0.0100950170308352
"2144","NA","EPI_ISL_20351358","H5N1","Avian",0.0097440155223012
"2145","NA","EPI_ISL_19808981","H5N1","Avian",0.00956363044679165
"2146","NA","EPI_ISL_19801747","H5N1","Avian",0.0086539164185524
"2147","NA","EPI_ISL_19766121","H5N1","Avian",0.00845298171043396
"2148","NA","EPI_ISL_15724","H5N1","Avian",0.00825180113315582
"2149","NA","A/quail/Hong_Kong/FB611/2001A","H6N1","Avian",0.00676473183557391
"2150","NA","A/chicken/Thailand/ICRC-618/2008E","H5N1","Avian",0.00630229478701949
"2151","NA","EPI_ISL_17051389","H5N1","Avian",0.00629650708287954
"2152","NA","EPI_ISL_19813413","H6N1","Avian",0.00622215634211898
"2153","NA","EPI_ISL_15725","H5N1","Avian",0.0058938367292285
"2154","NA","A/chicken/Taiwan/0824/97D","H6N1","Avian",0.00572436489164829
"2155","NA","A/Indonesia/6/2005E","H5N1","Zoonotic",0.00551614677533507
"2156","NA","EPI_ISL_20212284","H5N1","Avian",0.00535841938108206
"2157","NA","EPI_ISL_137604","H1N1","Avian",0.00527710933238268
"2158","NA","EPI_ISL_19777549","H1N1","Avian",0.00512188440188766
"2159","NA","EPI_ISL_19215506","H5N1","Avian",0.00455138413235545
"2160","NA","A/chicken/Taiwan/0204/05D","H6N1","Avian",0.00439357291907072
"2161","NA","EPI_ISL_379906","H5N1","Avian",0.00437834812328219
"2162","NA","EPI_ISL_22554","H1N1","Avian",0.00426650187000632
"2163","NA","A/Pekin_robin/California/30412/1994G","H7N1","Avian",0.00406365608796477
"2164","NA","EPI_ISL_17051067","H5N1","Avian",0.00406284350901842
"2165","NA","EPI_ISL_17964912","H5N1","Avian",0.00331705110147595
"2166","NA","A/duck/Hokkaido/83/2004A","H1N1","Avian",0.00328979431651533
"2167","NA","EPI_ISL_19894604","H5N1","Avian",0.0029432016890496
"2168","NA","A/chicken/Bangladesh/18248/2012K","H5N1","Avian",0.00264395284466445
"2169","NA","EPI_ISL_18033195","H5N1","Avian",0.00218358170241117
"2170","NA","A/Anas_crecca/Spain/1384/2007F","H1N1","Avian",0.00203384016640484
"2171","NA","EPI_ISL_20288196","H4N1","Avian",0.00198869872838259
"2172","NA","EPI_ISL_22502","H1N1","Avian",0.0019000336760655
"2173","NA","A/black-headed_gull/Georgia/2/2011C","H9N1","Avian",0.00180470501072705
"2174","NA","A/chicken/Japan/AQ-HE29-86/2017L","H6N1","Avian",0.00167448224965483
"2175","NA","A/chicken/Deli_Serdang/BPPVI/2005D","H5N1","Avian",0.00147559237666428
"2176","NA","EPI_ISL_18991992","H5N1","Avian",0.00138478795997798
"2177","NA","EPI_ISL_20123498","H7N1","Avian",0.00137853645719588
"2178","NA","EPI_ISL_17051478","H5N1","Avian",0.00131900515407324
"2179","NA","A/plumed_whistling_duck/Western_Australia/AS09-2965-220/2009O","H6N1","Avian",0.00130711158271879
"2180","NA","A/Teal/Hong_Kong/W312/97A","H6N1","Avian",0.00129632907919586
"2181","NA","A/Mallard/France/D-691/02_A","H1N1","Avian",0.00129143917001784
"2182","NA","EPI_ISL_234280","H5N1","Avian",0.0012762910919264
"2183","NA","EPI_ISL_20299177","H7N1","Avian",0.00117968244012445
"2184","NA","EPI_ISL_20050891","H4N1","Avian",0.00117410731036216
"2185","NA","A/bewicks_swan/Netherlands/6/2006K","H1N1","Avian",0.00112967484164983
"2186","NA","A/chicken/Sukhothai/NIAH114843/2008F","H5N1","Avian",0.00110162107739598
"2187","NA","EPI_ISL_20212138","H5N1","Avian",0.00109309761319309
"2188","NA","EPI_ISL_191954","H5N1","Zoonotic",0.00107230676803738
"2189","NA","EPI_ISL_281682","H5N1","Zoonotic",0.00104236218612641
"2190","NA","EPI_ISL_29171","H5N1","Avian",0.000837463303469121
"2191","NA","EPI_ISL_20212270","H5N1","Avian",0.000759017828386277
"2192","NA","EPI_ISL_307019","H5N1","Avian",0.000718826311640441
"2193","NA","A/duck/Vietnam/OIE-0178/2012A","H7N1","Avian",0.000698082323651761
"2194","NA","A/ostrich/South_Africa/FWS/2012K","H7N1","Avian",0.000678262847941369
"2195","NA","EPI_ISL_18991997","H5N1","Avian",0.000588940165471286
"2196","NA","EPI_ISL_18991357","H5N1","Avian",0.000583209854084998
"2197","NA","EPI_ISL_19833028","H5N1","Avian",0.000580492429435253
"2198","NA","A/China/GD02/2006E","H5N1","Zoonotic",0.000575059908442199
"2199","NA","EPI_ISL_15216","H1N1","Avian",0.000572964199818671
"2200","NA","EPI_ISL_19801858","H5N1","Avian",0.000564052897971123
"2201","NA","EPI_ISL_17051037","H5N1","Avian",0.000559785345103592
"2202","NA","EPI_ISL_75420","H5N1","Avian",0.00053135771304369
"2203","NA","EPI_ISL_5839","H6N1","Avian",0.000529885408468544
"2204","NA","EPI_ISL_20856","H5N1","Avian",0.00052408134797588
"2205","NA","EPI_ISL_71593","H1N1","Avian",0.00049369182670489
"2206","NA","EPI_ISL_354655","H5N1","Zoonotic",0.000484346994198859
"2207","NA","EPI_ISL_14768237","H10N1","Avian",0.00048397431964986
"2208","NA","A/quail/Nanchang/12-340/2000A","H1N1","Avian",0.000463637232314795
"2209","NA","EPI_ISL_20082926","H1N1","Avian",0.000455580971902236
"2210","NA","A/chicken/Rapa_Nui/CT2170/2019M","H6N1","Avian",0.000448084261734039
"2211","NA","EPI_ISL_379955","H5N1","Avian",0.000438757502706721
"2212","NA","EPI_ISL_143275","H6N1","Zoonotic",0.000425505975726992
"2213","NA","EPI_ISL_268","H5N1","Zoonotic",0.000358642748324201
"2214","NA","A/duck/PA/486/1969E","H6N1","Avian",0.000340056634740904
"2215","NA","EPI_ISL_18983982","H5N1","Avian",0.000333039584802464
"2216","NA","EPI_ISL_19847531","H1N1","Avian",0.000329903530655429
"2217","NA","A/Hong_Kong/378.1/2001G","H5N1","Zoonotic",0.000262977177044377
"2218","NA","EPI_ISL_19745586","H5N1","Avian",0.000257643841905519
"2219","NA","EPI_ISL_5888","H5N1","Avian",0.000252016558079049
"2220","NA","A/blue-winged_teal/Wisconsin/377/1982C","H6N1","Avian",0.00024008184846025
"2221","NA","EPI_ISL_63018","H5N1","Avian",0.000237122192629613
"2222","NA","EPI_ISL_379793","H10N1","Avian",0.000226257616304792
"2223","NA","EPI_ISL_19847503","H1N1","Avian",0.000216900923987851
"2224","NA","EPI_ISL_387717","H5N1","Avian",0.000208820958505385
"2225","NA","A/chicken/Bhutan/413/2012K","H5N1","Avian",0.000197132583707571
"2226","NA","A/turkey/VA/505477-18/2007G","H5N1","Avian",0.00019158523355145
"2227","NA","EPI_ISL_19779788","H5N1","Avian",0.000190924562048167
"2228","NA","A/duck/Hokkaido/162/2013L","H2N1","Avian",0.000183965152245946
"2229","NA","A/ruddy_turnstone/Delaware/34/1993C","H2N1","Avian",0.000166990314028226
"2230","NA","A/white_peckin_duck/South_Korea/N08-0436/2008M","H6N1","Avian",0.000162589523824863
"2231","NA","EPI_ISL_20069703","H5N1","Avian",0.000152043750858866
"2232","NA","EPI_ISL_10441","H1N1","Avian",0.000148199789691716
"2233","NA","A/Bewick_Swan/Netherlands/2/2006M","H1N1","Avian",0.000146640464663506
"2234","NA","EPI_ISL_18908502","H6N1","Avian",0.000117910436529201
"2235","NA","A/laughing_gull/Delaware_Bay/558/1988C","H11N1","Avian",0.000115201983135194
"2236","NA","A/northern_shoveler/Mississippi/11OS108/2011C","H1N1","Avian",8.78514765645377e-05
"2237","NA","EPI_ISL_17051334","H5N1","Avian",8.22428992250934e-05
"2238","NA","EPI_ISL_19801702","H5N1","Avian",7.66233570175245e-05
"2239","NA","A/cinnamon_teal/Argentina/CIP051-432/2011M","H1N1","Avian",7.50046310713515e-05
"2240","NA","A/chicken/Bangladesh/22159/2014K","H5N1","Avian",7.4218783993274e-05
"2241","NA","EPI_ISL_20084349","H5N1","Avian",5.53290337848011e-05
"2242","NA","EPI_ISL_19875512","H5N1","Zoonotic",5.48294228792656e-05
"2243","NA","EPI_ISL_20265687","H5N1","Avian",5.0382088375045e-05
"2244","NA","A/gull/Delaware_Bay/18/2000C","H6N1","Avian",5.01751019328367e-05
"2245","NA","EPI_ISL_19847529","H10N1","Avian",4.25268881372176e-05
"2246","NA","A/ostrich/South_Africa/1991G","H7N1","Avian",4.15673166571651e-05
"2247","NA","EPI_ISL_19809023","H5N1","Avian",3.38644531439058e-05
"2248","NA","EPI_ISL_19809017","H5N1","Avian",3.33942443830892e-05
"2249","NA","A/turkey/Manitoba/FAV-0009-2/2016K","H1N1","Avian",3.21771112794522e-05
"2250","NA","EPI_ISL_19743125","H5N1","Avian",3.18551828968339e-05
"2251","NA","EPI_ISL_18690773","H5N1","Avian",2.83255267277127e-05
"2252","NA","EPI_ISL_2591","H7N1","Avian",2.81976426776964e-05
"2253","NA","EPI_ISL_18513214","H5N1","Avian",2.5898902094923e-05
"2254","NA","EPI_ISL_67386","H5N1","Avian",2.50542652793229e-05
"2255","NA","EPI_ISL_19832437","H5N1","Avian",2.01963594008703e-05
"2256","NA","A/spot-billed_duck/Alberta/264/2016M","H1N1","Avian",1.97259996639332e-05
"2257","NA","EPI_ISL_10006","H5N1","Avian",1.42495564432465e-05
"2258","NA","EPI_ISL_20327496","H5N1","Avian",1.33872899823473e-05
"2259","NA","A/chicken/Bangladesh/23414/2014K","H5N1","Avian",1.22903311421396e-05
"2260","NA","EPI_ISL_19801707","H5N1","Avian",1.20843023978523e-05
"2261","NA","EPI_ISL_84821","H1N1","Avian",1.0841696166608e-05
"2262","NA","A/chicken/Rostock/45/1934C","H7N1","Avian",1.05899343907367e-05
"2263","NA","A/Duck/Bangladesh/D5/2017M","H5N1","Avian",1.02429503385792e-05
"2264","NA","A/gull/Delaware/2952/1988A","H11N1","Avian",9.57727843342582e-06
"2265","NA","EPI_ISL_116929","H5N1","Avian",8.92050047696102e-06
"2266","NA","A/duck/Australia/1980A","H1N1","Avian",8.77870206750231e-06
"2267","NA","A/duck/Buryatia/664-5465/1988M","H3N1","Avian",7.93105391494464e-06
"2268","NA","EPI_ISL_9957422","H5N1","Avian",6.48624154564459e-06
"2269","NA","EPI_ISL_20196368","H5N1","Avian",6.0722400121449e-06
"2270","NA","A/chicken/Bangladesh/49967/2021O","H5N1","Avian",4.5907222556707e-06
"2271","NA","EPI_ISL_19820588","H5N1","Avian",3.95969846067601e-06
"2272","NA","EPI_ISL_235754","H9N1","Avian",3.47533705280512e-06
"2273","NA","A/chicken/Scotland/1959A","H5N1","Avian",2.29748752644809e-06
"2274","NA","EPI_ISL_19792377","H5N1","Avian",2.25939970732725e-06
"2275","NA","EPI_ISL_388001","H5N1","Avian",1.92890524886025e-06
"2276","NA","EPI_ISL_61670","H1N1","Avian",1.90168998415174e-06
"2277","NA","EPI_ISL_20351352","H5N1","Avian",1.86387660505716e-06
"2278","NA","A/duck/Bangladesh/34590/2018M","H5N1","Avian",1.65939741236798e-06
"2279","NA","EPI_ISL_20209420","H5N1","Avian",1.58556599672011e-06
"2280","NA","EPI_ISL_2589","H1N1","Avian",1.50613254845666e-06
"2281","NA","EPI_ISL_19215503","H5N1","Avian",1.26988379633985e-06
"2282","NA","EPI_ISL_19801756","H5N1","Avian",9.63343609328149e-07
"2283","NA","EPI_ISL_14885157","H5N1","Avian",9.54048118728679e-07
"2284","NA","A/duck/Bangladesh/41250/2019M","H5N1","Avian",8.95344896889583e-07
"2285","NA","EPI_ISL_18983964","H5N1","Avian",7.7744499549226e-07
"2286","NA","EPI_ISL_388016","H5N1","Avian",7.76160391069425e-07
"2287","NA","A/snow_goose/Maryland/353/2005C","H6N1","Avian",5.78255310301756e-07
"2288","NA","EPI_ISL_19884995","H5N1","Avian",3.48105146485977e-07
"2289","NA","A/red_knot/Delaware_Bay/124/2013M","H10N1","Avian",3.26063798183895e-07
"2290","NA","EPI_ISL_19793887","H5N1","Zoonotic",1.89340951806116e-07
"2291","NA","A/ruddy_turnstone/Delaware_Bay/105/2007M","H5N1","Avian",1.51091882116816e-07
"2292","NA","EPI_ISL_19421569","H5N1","Avian",8.10852611721202e-08
"2293","NA","EPI_ISL_371814","H11N1","Avian",7.48020454466314e-08
"2294","NA","A/sanderling/Delaware_Bay/38/2009M","H11N1","Avian",5.4224184253826e-08
"2295","NA","EPI_ISL_19531299","H5N1","Zoonotic",8.0711055616689e-09
"2296","NS1","EPI_ISL_20083210","H3N2","Avian",0.361130430240413
"2297","NS1","EPI_ISL_170078","H3N2","Avian",0.339425123461073
"2298","NS1","EPI_ISL_8387686","H9N2","Avian",0.137076009585232
"2299","NS1","EPI_ISL_4558108","H5N6","Zoonotic",0.119301639192394
"2300","NS1","EPI_ISL_13734229","H3N2","Avian",0.114477812936441
"2301","NS1","EPI_ISL_17638494","H9N2","Avian",0.0984651194956982
"2302","NS1","EPI_ISL_4568644","H5N6","Zoonotic",0.0930801957439716
"2303","NS1","EPI_ISL_9637828","H5N6","Avian",0.0930801957439716
"2304","NS1","EPI_ISL_18987949","H9N2","Avian",0.0912224217222977
"2305","NS1","EPI_ISL_20239516","H9N2","Avian",0.0885180268488812
"2306","NS1","EPI_ISL_19844205","H9N2","Avian",0.0860156608639403
"2307","NS1","EPI_ISL_20078590","H1N2","Avian",0.085530769333112
"2308","NS1","EPI_ISL_19719029","H9N2","Avian",0.080479726005154
"2309","NS1","EPI_ISL_20234197","H3N2","Avian",0.0799735500986719
"2310","NS1","EPI_ISL_11208198","H5N6","Avian",0.0785384778818191
"2311","NS1","EPI_ISL_18911388","H9N2","Zoonotic",0.0743476686767685
"2312","NS1","EPI_ISL_406471","H9N2","Zoonotic",0.0724513843686797
"2313","NS1","EPI_ISL_19818733","H3N2","Avian",0.0720848197655867
"2314","NS1","EPI_ISL_17638497","H9N2","Avian",0.0718449322573884
"2315","NS1","EPI_ISL_19818734","H3N2","Avian",0.0715922766357608
"2316","NS1","EPI_ISL_18231307","H5N6","Avian",0.0707207708672252
"2317","NS1","EPI_ISL_18058056","H5N6","Avian",0.0700209968153515
"2318","NS1","EPI_ISL_14826","H13N6","Avian",0.0682322143095051
"2319","NS1","EPI_ISL_18981751","H9N2","Avian",0.0668595489202305
"2320","NS1","EPI_ISL_20234201","H3N2","Avian",0.0660420215107921
"2321","NS1","EPI_ISL_20212289","H5N1","Avian",0.0659931417237328
"2322","NS1","EPI_ISL_353983","H9N2","Zoonotic",0.0648350586997905
"2323","NS1","EPI_ISL_19810542","H9N2","Avian",0.0629539491263849
"2324","NS1","EPI_ISL_18987951","H9N2","Avian",0.0605297968570445
"2325","NS1","EPI_ISL_20253213","H9N2","Avian",0.0604243109989219
"2326","NS1","EPI_ISL_19070478","H9N2","Avian",0.0587343390308898
"2327","NS1","EPI_ISL_19818747","H3N2","Avian",0.0580609424336727
"2328","NS1","EPI_ISL_19678691","H16N3","Avian",0.0573576802436172
"2329","NS1","EPI_ISL_8439491","H9N2","Avian",0.0567980096099108
"2330","NS1","EPI_ISL_6760430","H5N6","Avian",0.056677027100609
"2331","NS1","EPI_ISL_6760684","H5N6","Avian",0.056677027100609
"2332","NS1","EPI_ISL_9638156","H5N6","Avian",0.056677027100609
"2333","NS1","EPI_ISL_9637826","H5N6","Avian",0.056677027100609
"2334","NS1","EPI_ISL_3090099","H5N6","Zoonotic",0.056677027100609
"2335","NS1","EPI_ISL_333146","H9N2","Avian",0.0557204066292586
"2336","NS1","EPI_ISL_19678680","H16N3","Avian",0.0554375950180416
"2337","NS1","EPI_ISL_19244023","H1N6","Avian",0.0553323465523095
"2338","NS1","EPI_ISL_9638154","H5N6","Avian",0.0539745528614684
"2339","NS1","EPI_ISL_19476819","H9N2","Avian",0.0537565282137578
"2340","NS1","EPI_ISL_19818731","H3N2","Avian",0.0531708387236978
"2341","NS1","EPI_ISL_16919094","H13N2","Avian",0.0519230016873502
"2342","NS1","EPI_ISL_17585230","H6N6","Avian",0.051710297430524
"2343","NS1","EPI_ISL_19818748","H3N2","Avian",0.0513920919176312
"2344","NS1","EPI_ISL_19818759","H3N3","Avian",0.0513920919176312
"2345","NS1","EPI_ISL_19266347","H9N2","Zoonotic",0.0510941140094987
"2346","NS1","EPI_ISL_18945312","H9N2","Avian",0.0504141503844608
"2347","NS1","EPI_ISL_18718056","H5N6","Avian",0.0502529432178963
"2348","NS1","EPI_ISL_19764594","H9N2","Avian",0.0501965800709251
"2349","NS1","EPI_ISL_14777730","H16N3","Avian",0.050107832809977
"2350","NS1","EPI_ISL_379690","H9N2","Avian",0.0496173311735717
"2351","NS1","EPI_ISL_19861135","H5N1","Avian",0.0495292011697692
"2352","NS1","EPI_ISL_19280579","H9N2","Zoonotic",0.0490231235372325
"2353","NS1","EPI_ISL_16466440","H5N6","Zoonotic",0.0489478174988048
"2354","NS1","EPI_ISL_18059687","H6N2","Avian",0.0487891630401595
"2355","NS1","EPI_ISL_18708429","H3N2","Avian",0.0484799214080053
"2356","NS1","EPI_ISL_2825437","H6N2","Avian",0.0484799214080053
"2357","NS1","EPI_ISL_19548511","H9N2","Avian",0.0479905448107817
"2358","NS1","EPI_ISL_17805202","H3N8","Avian",0.0478766498511214
"2359","NS1","EPI_ISL_20209469","H9N2","Avian",0.0477991411128674
"2360","NS1","EPI_ISL_18856526","H9N2","Avian",0.0476311998154705
"2361","NS1","EPI_ISL_19132453","H5N6","Zoonotic",0.0475467432584505
"2362","NS1","EPI_ISL_19818752","H3N2","Avian",0.0473253532609397
"2363","NS1","EPI_ISL_20064727","H4N3","Avian",0.0464947768397121
"2364","NS1","EPI_ISL_19818749","H3N2","Avian",0.0464947768397121
"2365","NS1","EPI_ISL_19801866","H9N2","Avian",0.0464895125018671
"2366","NS1","EPI_ISL_6757630","H5N6","Avian",0.0458094243812235
"2367","NS1","EPI_ISL_4062076","H9N2","Avian",0.0458042626384892
"2368","NS1","EPI_ISL_19801819","H9N2","Avian",0.0457375013179298
"2369","NS1","EPI_ISL_4062432","H9N2","Avian",0.0457303081547732
"2370","NS1","EPI_ISL_16208999","H5N6","Zoonotic",0.0436856944100568
"2371","NS1","EPI_ISL_15613574","H5N6","Zoonotic",0.0436856944100568
"2372","NS1","EPI_ISL_10792672","H5N6","Zoonotic",0.0436856944100568
"2373","NS1","EPI_ISL_19801742","H5N1","Avian",0.0427469615858482
"2374","NS1","EPI_ISL_19801885","H9N2","Avian",0.0426583965480774
"2375","NS1","EPI_ISL_20063414","H9N2","Avian",0.0423893812361483
"2376","NS1","EPI_ISL_20234195","H3N2","Avian",0.0423284908234117
"2377","NS1","EPI_ISL_11208200","H5N6","Avian",0.0422813656649141
"2378","NS1","EPI_ISL_333230","H9N2","Avian",0.042177518965533
"2379","NS1","EPI_ISL_19801867","H9N2","Avian",0.0421432772772251
"2380","NS1","EPI_ISL_6760687","H5N6","Avian",0.0415295343898179
"2381","NS1","EPI_ISL_8792","H13N2","Avian",0.041347100935411
"2382","NS1","EPI_ISL_19548508","H9N2","Avian",0.0411486803493175
"2383","NS1","EPI_ISL_18708428","H3N2","Avian",0.0396360751913649
"2384","NS1","EPI_ISL_19894604","H5N1","Avian",0.0393149569123018
"2385","NS1","EPI_ISL_12810421","H9N2","Avian",0.0392060187530107
"2386","NS1","EPI_ISL_4062416","H9N2","Avian",0.0388745582283942
"2387","NS1","EPI_ISL_18708430","H3N2","Avian",0.0377864145775633
"2388","NS1","A/black-headed_gull/Netherlands/33/2012K","H13N6","Avian",0.0373302068319807
"2389","NS1","A/chicken/Attock/NARC-14994/2009J","H9N2","Avian",0.0373302068319807
"2390","NS1","A/chicken/Bangladesh/10411/2011K","H9N2","Avian",0.0373302068319807
"2391","NS1","A/chicken/Bangladesh/13962/2011K","H9N2","Avian",0.0373302068319807
"2392","NS1","A/chicken/Bangladesh/2075/2009K","H9N2","Avian",0.0373302068319807
"2393","NS1","A/chicken/Bangladesh/23426/2014K","H9N2","Avian",0.0373302068319807
"2394","NS1","A/avian/Israel/313/2008F","H9N2","Avian",0.0373302068319807
"2395","NS1","A/Franklin's_gull/USA/D21-004347-3_MNAI1172/2017O","H13N6","Avian",0.0373302068319807
"2396","NS1","A/chicken/Egypt/CL42/2013L","H9N2","Avian",0.0373302068319807
"2397","NS1","A/chicken/Puebla/CPA-02247-22/2022O","H7N3","Avian",0.0373302068319807
"2398","NS1","A/duck/Guangxi/1330/2007C","H6N8","Avian",0.0373302068319807
"2399","NS1","A/duck/Guangxi/890/2007C","H6N8","Avian",0.0373302068319807
"2400","NS1","A/goose/Guangxi/139G20/2013K","H3N2","Avian",0.0373302068319807
"2401","NS1","A/quail/United_Arab_Emirates/D1556/2011K","H9N2","Avian",0.0373302068319807
"2402","NS1","A/chicken/Pakistan/290-230/2010K","H9N2","Avian",0.0373302068319807
"2403","NS1","A/chicken/Pakistan/982/2016M","H9N2","Avian",0.0373302068319807
"2404","NS1","A/chicken/Pakistan/UDL-01/2008C","H9N2","Avian",0.0373302068319807
"2405","NS1","A/gull/Minnesota/945/1980","H13N6","Avian",0.0373302068319807
"2406","NS1","A/gull/Peru/CH02/2009K","H13N2","Avian",0.0373302068319807
"2407","NS1","A/herring_gull/Massachusetts/A00080255/2006C","H13N2","Avian",0.0373302068319807
"2408","NS1","A/herring_gull/New_Jersey/AI07-418/2007M","H13N9","Avian",0.0373302068319807
"2409","NS1","A/herring_gull/New_York/AI00-532/2000C","H16N3","Avian",0.0373302068319807
"2410","NS1","A/quail/Aichi/1/2009A","H7N6","Avian",0.0373302068319807
"2411","NS1","A/quail/Aichi/2/2009A","H7N6","Avian",0.0373302068319807
"2412","NS1","A/quail/Aichi/4/2009A","H7N6","Avian",0.0373302068319807
"2413","NS1","A/quail/Bangladesh/45741/2020M","H9N2","Avian",0.0373302068319807
"2414","NS1","A/wild_duck/Queensland/P18-03723-8/2018O","H11N9","Avian",0.0373302068319807
"2415","NS1","A/Muscovy_duck/Vietnam/HN5629/2019M","H3N2","Avian",0.0373302068319807
"2416","NS1","A/glaucous-winged_gull/Southcentral_Alaska/13MB01431/2013C","H16N3","Avian",0.0373302068319807
"2417","NS1","A/sabines_gull/Alaska/296/1975C","H5N3","Avian",0.0373302068319807
"2418","NS1","A/chicken/Bangladesh/35407/2018M","H9N2","Avian",0.0373302068319807
"2419","NS1","A/chicken/Bangladesh/VP01/2006K","H9N2","Avian",0.0373302068319807
"2420","NS1","A/chicken/Benin/19-A-06-822-E_20VIR6511-47/2019M","H9N2","Avian",0.0373302068319807
"2421","NS1","A/California_gull/California/1196P/2013C","H16N3","Avian",0.0373302068319807
"2422","NS1","A/glaucous-winged_gull/Alaska/387/2013K","H13N2","Avian",0.0373302068319807
"2423","NS1","A/black-headed_Gull/Netherlands/5/2017M","H16N3","Avian",0.0373302068319807
"2424","NS1","A/duck/Vietnam/HN4911/2018M","H3N2","Avian",0.0373302068319807
"2425","NS1","A/chicken/Iran/EBGV-87/2008J","H9N2","Avian",0.0373302068319807
"2426","NS1","A/chicken/Iran/EBGV-88/2010J","H9N2","Avian",0.0373302068319807
"2427","NS1","A/chicken/Iran/TH186/2007F","H9N2","Avian",0.0373302068319807
"2428","NS1","A/chicken/Iran/UT-Barin/2017M","H9N2","Avian",0.0373302068319807
"2429","NS1","A/chicken/Iraq/4/2016M","H9N2","Avian",0.0373302068319807
"2430","NS1","A/chicken/Israel/1067/2010J","H9N2","Avian",0.0373302068319807
"2431","NS1","A/chicken/Israel/1256/2008J","H9N2","Avian",0.0373302068319807
"2432","NS1","A/chicken/Karachi/NARC-100/2004F","H7N3","Avian",0.0373302068319807
"2433","NS1","A/laughing_gull/New_Jersey/Sg-00485/2008C","H13N9","Avian",0.0373302068319807
"2434","NS1","A/Guangdong/lgf/2021O","H5N6","Zoonotic",0.0373302068319807
"2435","NS1","A/pheasant/United_Arab_Emirates/D1307.B/2011K","H9N2","Avian",0.0373302068319807
"2436","NS1","A/Duck/Foshan/11/2019O","H3N2","Avian",0.0373302068319807
"2437","NS1","A/chicken/Ashanti/18VIR1513-22/2018M","H9N2","Avian",0.0373302068319807
"2438","NS1","A/duck/Hokkaido/W189/2006L","H13N6","Avian",0.0373302068319807
"2439","NS1","A/gull/Delaware/2838/1987","H7N2","Avian",0.0373302068319807
"2440","NS1","A/black-headed_gull/Netherlands/55/2008K","H13N8","Avian",0.0373302068319807
"2441","NS1","A/black-headed_gull/Netherlands/63/2008K","H16N3","Avian",0.0373302068319807
"2442","NS1","A/chicken/Guangxi/135C10/2013K","H3N2","Avian",0.0373302068319807
"2443","NS1","A/great_black-backed_gull/Iceland/3850/2014M","H16N3","Avian",0.0373302068319807
"2444","NS1","A/India/TCM2581/2019M","H9N2","Zoonotic",0.0373302068319807
"2445","NS1","A/black-legged_kittiwake/Quebec/02838-1/2009C","H13N6","Avian",0.0373302068319807
"2446","NS1","A/chicken/Gujarat/3697/2004C","H9N2","Avian",0.0373302068319807
"2447","NS1","A/chicken/Morocco/AS13/2018M","H9N2","Avian",0.0373302068319807
"2448","NS1","A/chicken/Morocco/AS32/2019M","H9N2","Avian",0.0373302068319807
"2449","NS1","A/chicken/Uchal/8286/2006H","H9N2","Avian",0.0373302068319807
"2450","NS1","A/chicken/Uganda/1005/2019O","H9N2","Avian",0.0373302068319807
"2451","NS1","A/chicken/Uganda/1024/2019O","H9N2","Avian",0.0373302068319807
"2452","NS1","A/chicken/Uganda/1032/2019O","H9N2","Avian",0.0373302068319807
"2453","NS1","A/chicken/Uganda/1035/2019O","H9N2","Avian",0.0373302068319807
"2454","NS1","A/chicken/Uganda/1038/2019O","H9N2","Avian",0.0373302068319807
"2455","NS1","A/duck/Bangladesh/1231/2009K","H9N2","Avian",0.0373302068319807
"2456","NS1","EPI_ISL_19818744","H3N2","Avian",0.0370571712944172
"2457","NS1","EPI_ISL_14775932","H9N2","Avian",0.0370551151733308
"2458","NS1","EPI_ISL_5847","H13N2","Avian",0.0370232435435866
"2459","NS1","EPI_ISL_18983973","H9N2","Avian",0.0367620890587623
"2460","NS1","EPI_ISL_19818732","H3N2","Avian",0.0366651690994706
"2461","NS1","EPI_ISL_18856482","H9N2","Avian",0.0365747718133411
"2462","NS1","EPI_ISL_19801871","H9N2","Avian",0.0363575246073575
"2463","NS1","EPI_ISL_19764664","H9N2","Avian",0.0341323353179977
"2464","NS1","EPI_ISL_333226","H9N2","Avian",0.0325867588023718
"2465","NS1","EPI_ISL_19764558","H9N2","Avian",0.0322457440202657
"2466","NS1","EPI_ISL_197829","H9N2","Avian",0.031357900897446
"2467","NS1","EPI_ISL_19801815","H9N2","Avian",0.0306848309317197
"2468","NS1","EPI_ISL_19764590","H9N2","Avian",0.0284757486865504
"2469","NS1","EPI_ISL_19510873","H13N6","Avian",0.0278915901331983
"2470","NS1","EPI_ISL_18856541","H9N2","Avian",0.0277535093603466
"2471","NS1","EPI_ISL_328932","H9N2","Avian",0.0276418063538243
"2472","NS1","EPI_ISL_19421572","H9N2","Avian",0.0263519039971798
"2473","NS1","EPI_ISL_243560","H16N3","Avian",0.0263051503647565
"2474","NS1","EPI_ISL_144230","H9N2","Avian",0.0262538052563894
"2475","NS1","EPI_ISL_20252063","H9N2","Avian",0.0249087297237575
"2476","NS1","EPI_ISL_18393841","H9N2","Avian",0.0245765980208966
"2477","NS1","EPI_ISL_19270672","H9N2","Avian",0.0240119514615284
"2478","NS1","EPI_ISL_18945387","H9N2","Avian",0.0231181321296709
"2479","NS1","EPI_ISL_140388","H9N2","Zoonotic",0.0228246959779306
"2480","NS1","EPI_ISL_14883810","H9N2","Avian",0.0212889091737549
"2481","NS1","EPI_ISL_144242","H9N2","Avian",0.0204779929366886
"2482","NS1","EPI_ISL_19764660","H9N2","Avian",0.0197983129079374
"2483","NS1","EPI_ISL_19801817","H9N2","Avian",0.0187312664741532
"2484","NS1","EPI_ISL_144261","H9N2","Avian",0.0185725376070457
"2485","NS1","EPI_ISL_333209","H9N2","Avian",0.0185266555620475
"2486","NS1","EPI_ISL_165821","H9N2","Avian",0.0178793190379401
"2487","NS1","EPI_ISL_393962","H16N3","Avian",0.0176523926150271
"2488","NS1","EPI_ISL_19764669","H9N2","Avian",0.0143623508970653
"2489","M1","EPI_ISL_150052","H5N1","Zoonotic",0.0330843612718363
"2490","M1","EPI_ISL_174489","H7N9","Avian",0.0306932436559855
"2491","M1","EPI_ISL_337273","H5N6","Zoonotic",0.029857141570263
"2492","M1","EPI_ISL_9009483","H5N6","Avian",0.029857141570263
"2493","M1","EPI_ISL_19116357","H5N6","Avian",0.029857141570263
"2494","M1","EPI_ISL_13690275","H5N1","Avian",0.0298228564419032
"2495","M1","EPI_ISL_150573","H5N1","Zoonotic",0.0296023034195345
"2496","M1","EPI_ISL_2249","H5N1","Avian",0.0288881805819817
"2497","M1","EPI_ISL_19884949","H5N1","Avian",0.0284246197148952
"2498","M1","EPI_ISL_237552","H5N8","Avian",0.0282537439628703
"2499","M1","EPI_ISL_237551","H5N8","Avian",0.0282537439628703
"2500","M1","EPI_ISL_190636","H5N1","Avian",0.0277995444801358
"2501","M1","EPI_ISL_80429","H5N1","Avian",0.0277995444801358
"2502","M1","EPI_ISL_120245","H5N1","Zoonotic",0.027414687677358
"2503","M1","EPI_ISL_61636","H5N1","Avian",0.027414687677358
"2504","M1","EPI_ISL_10058","H5N1","Zoonotic",0.027381841249039
"2505","M1","EPI_ISL_120235","H5N1","Zoonotic",0.0270197003440985
"2506","M1","EPI_ISL_208828","H5N8","Avian",0.0264627878648993
"2507","M1","EPI_ISL_120239","H5N1","Zoonotic",0.0255580390235697
"2508","M1","EPI_ISL_106095","H5N1","Avian",0.0255080069841019
"2509","M1","EPI_ISL_120234","H5N1","Zoonotic",0.025446888899519
"2510","M1","EPI_ISL_4055548","H5N1","Avian",0.0254185682876438
"2511","M1","A/chicken/Bhutan/04TI01/2015K","H5N1","Avian",0.0250910517831836
"2512","M1","A/chicken/Guangxi/16/2019M","H5N6","Avian",0.0250910517831836
"2513","M1","A/chicken/Semarang/04141225-07/2014K","H5N1","Avian",0.0250910517831836
"2514","M1","A/chicken/Bangladesh/14VIR2665-24/2014K","H5N1","Avian",0.0250910517831836
"2515","M1","A/chicken/Bangladesh/14VIR2665-25/2014K","H5N1","Avian",0.0250910517831836
"2516","M1","A/chicken/Bangladesh/23974/2014K","H5N1","Avian",0.0250910517831836
"2517","M1","A/CHICKEN/Hunan/1117/2010M","H5N1","Avian",0.0250910517831836
"2518","M1","A/grebe/Tyva/2/2010H","H5N1","Avian",0.0250910517831836
"2519","M1","A/mallard/Shanghai/SH-9/2013K","H5N8","Avian",0.0250910517831836
"2520","M1","A/DUCK/Hunan/220/2010M","H5N1","Avian",0.0250910517831836
"2521","M1","A/Muscovy_duck/Vietnam/HN6111/2020M","H5N6","Avian",0.0250910517831836
"2522","M1","A/duck/Guangdong/s14044/2014K","H5N8","Avian",0.0250910517831836
"2523","M1","A/goose/Taiwan/TNO5/2015K","H5N8","Avian",0.0250910517831836
"2524","M1","A/duck/Fujian/1.17_FZHX0109-O/2017M","H6N6","Avian",0.0250910517831836
"2525","M1","A/chicken/Guangdong/4.24_SZBJ004-O/2017M","H9N2","Avian",0.0250910517831836
"2526","M1","A/duck/Viet_Nam/ST-1550-2/2012M","H5N1","Avian",0.0250910517831836
"2527","M1","A/goose/Shandong/WFSG1/2014K","H5N8","Avian",0.0250910517831836
"2528","M1","A/chicken/Cameroon/16V04338/2016M","H5N1","Avian",0.0250910517831836
"2529","M1","A/chicken/Jakarta/DKI-Nurs/2007G","H5N1","Avian",0.0250910517831836
"2530","M1","A/duck/Bangladesh/22806/2014K","H5N1","Avian",0.0250910517831836
"2531","M1","A/duck/Bangladesh/31091/2016M","H5N1","Avian",0.0250910517831836
"2532","M1","A/quail/Vietnam/CVVI-49/2010K","H5N1","Avian",0.0250910517831836
"2533","M1","A/quail/Guangxi/11/2002J","H5N1","Avian",0.0250910517831836
"2534","M1","A/Anhui/2/2005H","H5N1","Zoonotic",0.0250910517831836
"2535","M1","A/Bangladesh/3233/2011C","H5N1","Zoonotic",0.0250910517831836
"2536","M1","A/Cambodia/W0526301/2012K","H5N1","Zoonotic",0.0250910517831836
"2537","M1","A/Cambodia/X0123312/2013K","H5N1","Zoonotic",0.0250910517831836
"2538","M1","A/Changsha/1/2014K","H5N6","Zoonotic",0.0250910517831836
"2539","M1","A/Egypt/MOH-NRC-7271/2014K","H5N1","Zoonotic",0.0250910517831836
"2540","M1","A/chicken/Beijing/BJ7/2014K","H5N2","Avian",0.0250910517831836
"2541","M1","A/chicken/Beijing/nl/2002D","H9N2","Avian",0.0250910517831836
"2542","M1","A/chicken/India/04CA01/2015K","H5N1","Avian",0.0250910517831836
"2543","M1","A/crow/India/03CA06/2012K","H5N1","Avian",0.0250910517831836
"2544","M1","A/chicken/West_Java/Smi-Biot/2008G","H5N1","Avian",0.0250910517831836
"2545","M1","A/duck/Vietnam/NCVD-KA206/2012K","H5N1","Avian",0.0250910517831836
"2546","M1","A/India/SARI-4571/2021O","H5N1","Zoonotic",0.0250910517831836
"2547","M1","A/duck/Bangladesh/19099/2013K","H5N1","Avian",0.0250910517831836
"2548","M1","A/American_green-winged_teal/Idaho/AH0011899/2015K","H5N2","Avian",0.0250910517831836
"2549","M1","A/bar-headed_goose/Qinghai/1-HVRI/2006H","H5N1","Avian",0.0250910517831836
"2550","M1","A/chicken/Aichi/T1/2011A","H5N1","Avian",0.0250910517831836
"2551","M1","EPI_ISL_2268","H5N1","Avian",0.0244319877859842
"2552","M1","EPI_ISL_106094","H5N1","Avian",0.0229183377131666
"2553","M1","EPI_ISL_401829","H5N1","Avian",0.022774240791546
"2554","M1","EPI_ISL_20211963","H5N1","Avian",0.022304082560471
"2555","M1","EPI_ISL_697808","H5N6","Avian",0.0211286538853543
"2556","M1","EPI_ISL_329256","H5N1","Avian",0.0211150496892604
"2557","M1","EPI_ISL_278504","H5N1","Avian",0.0210605494476211
"2558","M1","EPI_ISL_87493","H5N1","Avian",0.0210605494476211
"2559","M1","EPI_ISL_141290","H5N1","Avian",0.0203203295579324
"2560","M1","EPI_ISL_10544","H5N1","Avian",0.0191570751791943
"2561","M1","EPI_ISL_20212284","H5N1","Avian",0.0186679809371917
"2562","M1","EPI_ISL_4055147","H5N1","Avian",0.018643149437896
"2563","M1","EPI_ISL_144546","H6N8","Avian",0.0179784179414978
"2564","M1","EPI_ISL_157907","H5N1","Avian",0.0178879864468882
"2565","M1","EPI_ISL_28830","H5N1","Avian",0.0175670215230813
"2566","M1","EPI_ISL_80618","H5N1","Avian",0.0172794664412194
"2567","M1","EPI_ISL_696947","H6N6","Avian",0.0172293569525034
"2568","M1","EPI_ISL_121358","H5N1","Avian",0.0167268693679029
"2569","M1","EPI_ISL_18231295","H5N1","Avian",0.0167268693679029
"2570","M1","EPI_ISL_166636","H5N1","Zoonotic",0.0166015095886158
"2571","M1","EPI_ISL_19764561","H5N2","Avian",0.0166015095886158
"2572","M1","EPI_ISL_80687","H5N1","Avian",0.0166015095886158
"2573","M1","EPI_ISL_100260","H5N1","Avian",0.0166015095886158
"2574","M1","EPI_ISL_136216","H5N1","Avian",0.0166015095886158
"2575","M1","EPI_ISL_136141","H5N1","Avian",0.0166015095886158
"2576","M1","EPI_ISL_80684","H5N1","Avian",0.0166015095886158
"2577","M1","EPI_ISL_19183996","H5N1","Avian",0.0166015095886158
"2578","M1","EPI_ISL_19801695","H5N1","Avian",0.0166015095886158
"2579","M1","EPI_ISL_19801725","H5N1","Avian",0.0166015095886158
"2580","M1","EPI_ISL_136229","H5N1","Avian",0.0166015095886158
"2581","M1","EPI_ISL_100257","H5N1","Avian",0.0166015095886158
"2582","M1","EPI_ISL_143489","H5N1","Zoonotic",0.0166015095886158
"2583","M1","EPI_ISL_136236","H5N1","Avian",0.0166015095886158
"2584","M1","EPI_ISL_136243","H5N1","Avian",0.0166015095886158
"2585","M1","EPI_ISL_136146","H5N1","Avian",0.0166015095886158
"2586","M1","EPI_ISL_16840644","H5N1","Avian",0.0166015095886158
"2587","M1","EPI_ISL_139452","H5N1","Avian",0.0166015095886158
"2588","M1","EPI_ISL_157943","H5N1","Avian",0.0166015095886158
"2589","M1","EPI_ISL_139958","H5N1","Avian",0.0166015095886158
"2590","M1","EPI_ISL_136245","H5N1","Avian",0.0165739942876743
"2591","M1","EPI_ISL_19302145","H5N1","Avian",0.0163956555600598
"2592","M1","EPI_ISL_257017","H5N1","Avian",0.0163956555600598
"2593","M1","EPI_ISL_77995","H5N1","Avian",0.015885928723216
"2594","M1","EPI_ISL_195244","H5N1","Zoonotic",0.0147048269697563
"2595","M1","EPI_ISL_354655","H5N1","Zoonotic",0.0146882534976133
"2596","M1","EPI_ISL_284781","H5N1","Avian",0.0146377570204752
"2597","M1","EPI_ISL_329598","H5N1","Avian",0.0146377570204752
"2598","M1","EPI_ISL_245159","H5N1","Avian",0.0132250383505872
"2599","M1","EPI_ISL_4055578","H5N1","Avian",0.0126169276356944
"2600","M1","EPI_ISL_68590","H9N2","Avian",0.0109977588581005
